CANDIDATE,PARTY,CONSTITUENCY,VOTES
"RAMCHARAN BOHARA","BHARATIYA JANATA PARTY",JAIPUR,863358
"SUMITRA MAHAJAN (TAI)","BHARATIYA JANATA PARTY",INDORE,854972
"NARENDRA MODI","BHARATIYA JANATA PARTY",VADODARA,845464
"C. R. PATIL","BHARATIYA JANATA PARTY",NAVSARI,820831
L.K.ADVANI,"BHARATIYA JANATA PARTY",GANDHINAGAR,773539
"BIJOYA CHAKRAVARTY","BHARATIYA JANATA PARTY",GAUHATI,764985
"VIJAY KUMAR SINGH","BHARATIYA JANATA PARTY",GHAZIABAD,758482
"APARUPA PODDAR (AFRIN ALI)","ALL INDIA TRINAMOOL CONGRESS",ARAMBAGH,748764
"DARSHANA VIKRAM JARDOSH","BHARATIYA JANATA PARTY",SURAT,718412
"D.V SADANANDA GOWDA","BHARATIYA JANATA PARTY","BANGALORE NORTH",718326
"NANDKUMAR SINGH CHOUHAN (NANDU BHAIYA)","BHARATIYA JANATA PARTY",KHANDWA,717357
"ADHIKARI SUVENDU","ALL INDIA TRINAMOOL CONGRESS",TAMLUK,716928
"SUSHMA SWARAJ","BHARATIYA JANATA PARTY",VIDISHA,714348
"ALOK SANJAR","BHARATIYA JANATA PARTY",BHOPAL,714178
"GAJENDRASINGH SHEKHAWAT","BHARATIYA JANATA PARTY",JODHPUR,713515
"NEIPHIU RIO","NAGA PEOPLES FRONT",NAGALAND,713372
"P P CHOUDHARY","BHARATIYA JANATA PARTY",PALI,711772
"CHANDRA PRAKASH JOSHI","BHARATIYA JANATA PARTY",CHITTORGARH,703236
"SUDHIR GUPTA","BHARATIYA JANATA PARTY",MANDSOUR,698335
"ADHIKARI DEEPAK (DEV)","ALL INDIA TRINAMOOL CONGRESS",GHATAL,685696
"ADHIKARI SISIR KUMAR","ALL INDIA TRINAMOOL CONGRESS",KANTHI,676749
"DUSHYANT SINGH","BHARATIYA JANATA PARTY",JHALAWAR-BARAN,676102
"UMA SAREN","ALL INDIA TRINAMOOL CONGRESS",JHARGRAM,674504
"Y.S. AVINASH REDDY","YUVAJANA SRAMIKA RYTHU CONGRESS PARTY",KADAPA,671983
"SANKAR PRASAD DATTA","COMMUNIST PARTY OF INDIA (MARXIST)","TRIPURA WEST",671665
"UDAY PRATAP SINGH","BHARATIYA JANATA PARTY",HOSHANGABAD,669128
"MANOHAR UNTWAL","BHARATIYA JANATA PARTY",DEWAS,665646
"GOPAL CHINAYYA SHETTY","BHARATIYA JANATA PARTY","MUMBAI NORTH",664004
"VISHNU DEO SAI","BHARATIYA JANATA PARTY",RAIGARH,662478
"KADIYAM SRIHARI","TELANGANA RASHTRA SAMITHI",WARANGAL,661639
"ARJUNLAL MEENA","BHARATIYA JANATA PARTY",UDAIPUR,660373
NIHALCHAND,"BHARATIYA JANATA PARTY",GANGANAGAR,658130
"KALVAKUNTLA CHANDRASEKHAR RAO","TELANGANA RASHTRA SAMITHI",MEDAK,657492
"RAMESH BAIS","BHARATIYA JANATA PARTY",RAIPUR,654922
"(DR.) SANJEEV KUMAR BALYAN","BHARATIYA JANATA PARTY",MUZAFFARNAGAR,653391
"D K SURESH","INDIAN NATIONAL CONGRESS","BANGALORE RURAL",652723
"KRISHAN PAL","BHARATIYA JANATA PARTY",FARIDABAD,652516
"PARVESH SAHIB SINGH VERMA","BHARATIYA JANATA PARTY","WEST DELHI",651395
"SUBHASH PATEL","BHARATIYA JANATA PARTY",KHARGONE,649354
"A.T. NANA PATIL","BHARATIYA JANATA PARTY",JALGAON,647773
"OM BIRLA","BHARATIYA JANATA PARTY",KOTA,644822
"HARIOM SINGH RATHORE","BHARATIYA JANATA PARTY",RAJSAMAND,644794
"INDERJIT SINGH RAO","BHARATIYA JANATA PARTY",GURGAON,644780
"JYOTI DHURVE","BHARATIYA JANATA PARTY",BETUL,643651
"ABHISHEK SINGH","BHARATIYA JANATA PARTY",RAJNANDGAON,643473
"ADHALRAO SHIVAJI DATTATREY",SHIVSENA,SHIRUR,643415
"NALIN KUMAR KATEEL","BHARATIYA JANATA PARTY","DAKSHINA KANNADA",642739
"CHAND NATH","BHARATIYA JANATA PARTY",ALWAR,642278
"PROF. CHINTAMANI MALVIYA","BHARATIYA JANATA PARTY",UJJAIN,641101
"RAJU SHETTY","SWABHIMANI PAKSHA",HATKANANGLE,640428
"SANWAR LAL JAT","BHARATIYA JANATA PARTY",AJMER,637874
"BHAGAT SINGH KOSHYARI","BHARATIYA JANATA PARTY","NAINITAL-UDHAMSINGH NAGAR",636769
"MUNDE GOPINATHRAO PANDURANG","BHARATIYA JANATA PARTY",BEED,635995
"NABA KUMAR SARANIA (HIRA)",INDEPENDENT,KOKRAJHAR,634428
"ANANTH KUMAR","BHARATIYA JANATA PARTY","BANGALORE SOUTH",633816
"PARESH RAWAL","BHARATIYA JANATA PARTY","AHMEDABAD EAST",633582
"RAJYAVARDHAN SINGH RATHORE","BHARATIYA JANATA PARTY","JAIPUR RURAL",632930
"SAMBASIVA RAO RAYAPATI","TELUGU DESAM",NARASARAOPET,632464
"ANUPAM HAZRA","ALL INDIA TRINAMOOL CONGRESS",BOLPUR,630693
"MURALI MOHAN MAGANTI","TELUGU DESAM",RAJAHMUNDRY,630573
"SUBHASH BAHERIA","BHARATIYA JANATA PARTY",BHILWARA,630317
"UDIT RAJ","BHARATIYA JANATA PARTY","NORTH WEST DELHI",629860
VENUGOPAL.P.(DR),"ALL INDIA ANNA DRAVIDA MUNNETRA KAZHAGAM",THIRUVALLUR,628499
"CHOUDHURY MOHAN JATUA","ALL INDIA TRINAMOOL CONGRESS",MATHURAPUR,627761
"KULAMANI SAMAL","BIJU JANATA DAL",JAGATSINGHPUR,624492
"JITENDRA CHOUDHURY","COMMUNIST PARTY OF INDIA (MARXIST)","TRIPURA EAST",623771
"MAGANTI VENKATESWARA RAO (BABU)","TELUGU DESAM",ELURU,623471
"VASAVA PARBHUBHAI NAGARBHAI","BHARATIYA JANATA PARTY",BARDOLI,622769
"S.P.Y REDDY","YUVAJANA SRAMIKA RYTHU CONGRESS PARTY",NANDYAL,622411
"KUNDARIYA MOHANBHAI KALYANJIBHAI","BHARATIYA JANATA PARTY",RAJKOT,621524
"JUGAL KISHORE","BHARATIYA JANATA PARTY",JAMMU,619995
"JAYADEV GALLA","TELUGU DESAM",GUNTUR,618417
"DR. K.C.PATEL","BHARATIYA JANATA PARTY",VALSAD,617772
"DR. KIRIT P SOLANKI","BHARATIYA JANATA PARTY","AHMEDABAD WEST",617104
"DR. SUNIL BALIRAM GAIKWAD","BHARATIYA JANATA PARTY",LATUR,616509
"DR. RATNA DE (NAG)","ALL INDIA TRINAMOOL CONGRESS",HOOGHLY,614312
"SARBANANDA SONOWAL","BHARATIYA JANATA PARTY",LAKHIMPUR,612543
"RATTAN LAL KATARIA","BHARATIYA JANATA PARTY",AMBALA,612121
"SANJAYKAKA PATIL","BHARATIYA JANATA PARTY",SANGLI,611563
"RAMSINH RATHWA","BHARATIYA JANATA PARTY","CHHOTA UDAIPUR",607916
"GAIKWAD RAVINDRA VISHWANATH",SHIVSENA,OSMANABAD,607699
"DHANANJAY BHIMRAO MAHADIK","NATIONALIST CONGRESS PARTY",KOLHAPUR,607665
"J.C. DIVAKAR REDDI","TELUGU DESAM",ANANTAPUR,606509
"B. S. YEDDYURAPPA","BHARATIYA JANATA PARTY",SHIMOGA,606216
"NANABHAU FALGUNRAO PATOLE","BHARATIYA JANATA PARTY",BHANDARA,606129
"KHADASE RAKSHA NIKHIL","BHARATIYA JANATA PARTY",RAVER,605452
"GANDHI DILIPKUMAR MANSUKHLAL","BHARATIYA JANATA PARTY",AHMADNAGAR,605185
"BHOLA SINGH","BHARATIYA JANATA PARTY",BULANDSHAHR,604449
"KRISTAPPA NIMMALA","TELUGU DESAM",HINDUPUR,604291
"P.V.MIDHUN REDDY","YUVAJANA SRAMIKA RYTHU CONGRESS PARTY",RAJAMPET,601752
"BAIJAYANT PANDA","BIJU JANATA DAL",KENDRAPARA,601574
"DR.MAHESH SHARMA","BHARATIYA JANATA PARTY","GAUTAM BUDDHA NAGAR",599702
"AYODHYA RAMIREDDY ALLA","YUVAJANA SRAMIKA RYTHU CONGRESS PARTY",NARASARAOPET,597184
"RODMAL NAGAR","BHARATIYA JANATA PARTY",RAJGARH,596727
"MANOJ TIWARI","BHARATIYA JANATA PARTY","NORTH EAST DELHI",596125
"MULAYAM SINGH YADAV","SAMAJWADI PARTY",MAINPURI,595918
"RAHUL KASWAN","BHARATIYA JANATA PARTY",CHURU,595756
"VICHARE RAJAN BABURAO",SHIVSENA,THANE,595364
"NARAMALLI SIVAPRASAD","TELUGU DESAM",CHITTOOR,594862
"ASHWINI KUMAR","BHARATIYA JANATA PARTY",KARNAL,594817
"DR PANDULA RAVINDRA BABU","TELUGU DESAM",AMALAPURAM,594547
"KESINENI SRINIVAS","TELUGU DESAM",VIJAYAWADA,592696
"BADRUDDIN AJMAL","ALL INDIA UNITED DEMOCRATIC FRONT",DHUBRI,592569
"RAMESH POKHRIYAL NISHANK","BHARATIYA JANATA PARTY",HARDWAR,592320
"DANVE RAOSAHEB DADARAO","BHARATIYA JANATA PARTY",JALNA,591428
"TAPAS MANDAL","ALL INDIA TRINAMOOL CONGRESS",RANAGHAT,590451
"Y.V.SUBBA REDDY","YUVAJANA SRAMIKA RYTHU CONGRESS PARTY",ONGOLE,589960
"GADKARI NITIN JAIRAM","BHARATIYA JANATA PARTY",NAGPUR,587767
"KONAKALLA NARAYANA RAO","TELUGU DESAM",MACHILIPATNAM,587280
"FAGGAN SINGH KULASTE","BHARATIYA JANATA PARTY",MANDLA,585720
"KAMALBHAN SINGH MARABI","BHARATIYA JANATA PARTY",SARGUJA,585336
"ARJUN RAM MEGHWAL","BHARATIYA JANATA PARTY",BIKANER,584932
"SUGATA BOSE","ALL INDIA TRINAMOOL CONGRESS",JADAVPUR,584244
"DR. RAM SHANKAR KATHERIA","BHARATIYA JANATA PARTY",AGRA,583716
"ADHIR RANJAN CHOWDHURY","INDIAN NATIONAL CONGRESS",BAHARAMPUR,583549
"SHOBHA KARANDLAJE","BHARATIYA JANATA PARTY","UDUPI CHIKMAGALUR",581168
"NARENDRA MODI","BHARATIYA JANATA PARTY",VARANASI,581022
"DEVJI PATEL","BHARATIYA JANATA PARTY",JALORE,580508
"VARAPRASAD RAO VELAGAPALLI","YUVAJANA SRAMIKA RYTHU CONGRESS PARTY",TIRUPATI,580376
"PATEL JAYSHREEBEN KANUBHAI","BHARATIYA JANATA PARTY",MAHESANA,580250
"SANDHYA ROY","ALL INDIA TRINAMOOL CONGRESS",MEDINIPUR,579860
"BAHADUR SINGH","BHARATIYA JANATA PARTY",BHARATPUR,579825
"DR.GAVIT HEENA VAIJAYKUMAR","BHARATIYA JANATA PARTY",NANDURBAR,579486
"KHAN SAUMITRA","ALL INDIA TRINAMOOL CONGRESS",BISHNUPUR,578870
"JADHAV SANJAY (BANDU) HARIBHAU",SHIVSENA,PARBHANI,578455
"MALYADRI SRIRAM","TELUGU DESAM",BAPATLA,578145
"MANSHANKAR NINAMA","BHARATIYA JANATA PARTY",BANSWARA,577433
"MEKAPATI RAJAMOHAN REDDY","YUVAJANA SRAMIKA RYTHU CONGRESS PARTY",NELLORE,576396
"UMA BHARATI","BHARATIYA JANATA PARTY",JHANSI,575889
"SUNIL KUMAR MONDAL","ALL INDIA TRINAMOOL CONGRESS","BARDHAMAN PURBA",574660
"HEMA MALINI","BHARATIYA JANATA PARTY",MATHURA,574633
"SANJAY SADASHIV MANDALIK",SHIVSENA,KOLHAPUR,574406
"MAGUNTA SREENIVASULU REDDY","TELUGU DESAM",ONGOLE,574302
"MAHEISH GIRRI","BHARATIYA JANATA PARTY","EAST DELHI",572202
"GADDIGOUDAR PARVTAGOUDA CHANDANAGOUDA","BHARATIYA JANATA PARTY",BAGALKOT,571548
"PARTHIPAN R.","ALL INDIA ANNA DRAVIDA MUNNETRA KAZHAGAM",THENI,571254
"SULTAN AHMED","ALL INDIA TRINAMOOL CONGRESS",ULUBERIA,570785
"TAMRADHWAJ SAHU","INDIAN NATIONAL CONGRESS",DURG,570687
"ANIL SHIROLE","BHARATIYA JANATA PARTY",PUNE,569825
"MUTTAMSETTI SRINIVASA RAO (AVANTHI)","TELUGU DESAM",ANAKAPALLI,568463
"CHAUHAN DEVUSINH JESINGBHAI (CHAUHAN DEVUSINH)","BHARATIYA JANATA PARTY",KHEDA,568235
"R. DHRUVANARAYANA","INDIAN NATIONAL CONGRESS",CHAMARAJANAGAR,567782
"KAMBHAMPATI HARI BABU","BHARATIYA JANATA PARTY",VISAKHAPATNAM,566832
"UDASI SHIVAKUMAR CHANNABASAPPA","BHARATIYA JANATA PARTY",HAVERI,566790
"HUKUM SINGH","BHARATIYA JANATA PARTY",KAIRANA,565909
"BALKA SUMAN","TELANGANA RASHTRA SAMITHI",PEDDAPALLE,565496
"RAKESH SINGH","BHARATIYA JANATA PARTY",JABALPUR,564609
"SUNDARAM P.R","ALL INDIA ANNA DRAVIDA MUNNETRA KAZHAGAM",NAMAKKAL,563272
"ADALA PRABHAKARA REDDY","TELUGU DESAM",NELLORE,562918
"CHAVDA VINOD LAKHAMASHI","BHARATIYA JANATA PARTY",KACHCHH,562855
"LAKHAN LAL SAHU","BHARATIYA JANATA PARTY",BILASPUR,561387
"RAJ NATH SINGH","BHARATIYA JANATA PARTY",LUCKNOW,561106
"KAMAL NATH","INDIAN NATIONAL CONGRESS",CHHINDWARA,559755
"SAVITRI THAKUR","BHARATIYA JANATA PARTY",DHAR,558387
"P.C. MOHAN","BHARATIYA JANATA PARTY","BANGALORE CENTRAL",557130
PANNERSELVAM.V,"ALL INDIA ANNA DRAVIDA MUNNETRA KAZHAGAM",SALEM,556546
"RAMMOHAN NAIDU KINJARAPU","TELUGU DESAM",SRIKAKULAM,556163
"DR. MAMTAZ SANGHAMITA","ALL INDIA TRINAMOOL CONGRESS",BURDWAN,554521
"ANGADI SURESH CHANNABASAPPA","BHARATIYA JANATA PARTY",BELGAUM,554417
"SAROJ PANDEY","BHARATIYA JANATA PARTY",DURG,553839
"RATHOD DIPSINH SHANKARSINH","BHARATIYA JANATA PARTY",SABARKANTHA,552205
"KAPIL KRISHNA THAKUR","ALL INDIA TRINAMOOL CONGRESS",BANGAON,551213
G.SAMANYAKIRAN,"YUVAJANA SRAMIKA RYTHU CONGRESS PARTY",CHITTOOR,550724
"DR. BHARATIBEN DHIRUBHAI SHIYAL","BHARATIYA JANATA PARTY",BHAVNAGAR,549529
"BALASHOWRY VALLABHANENI","YUVAJANA SRAMIKA RYTHU CONGRESS PARTY",GUNTUR,549306
"VASAVA MANSUKHBHAI DHANJIBHAI","BHARATIYA JANATA PARTY",BHARUCH,548902
"BHANU PRATAP SINGH VERMA","BHARATIYA JANATA PARTY",JALAUN,548631
"SUKHBIR SINGH JAUNAPURIA","BHARATIYA JANATA PARTY","TONK-SAWAI MADHOPUR",548179
"ANANTKUMAR HEGDE","BHARATIYA JANATA PARTY","UTTARA KANNADA",546939
"MANEKA SANJAY GANDHI","BHARATIYA JANATA PARTY",PILIBHIT,546934
"DILEEPSINGH BHURIA","BHARATIYA JANATA PARTY",RATLAM,545970
"RAMACHANDRAN K.N. THIRU","ALL INDIA ANNA DRAVIDA MUNNETRA KAZHAGAM",SRIPERUMBUDUR,545820
"PRALHAD JOSHI","BHARATIYA JANATA PARTY",DHARWAD,545395
"VARIKUTI AMRUTHAPANI","YUVAJANA SRAMIKA RYTHU CONGRESS PARTY",BAPATLA,545391
"ANANTHA VENKATARAMIREDDY","YUVAJANA SRAMIKA RYTHU CONGRESS PARTY",ANANTAPUR,545240
"RAJESH KUMAR DIWAKER","BHARATIYA JANATA PARTY",HATHRAS,544277
"PASHUPATI NATH SINGH","BHARATIYA JANATA PARTY",DHANBAD,543491
"KARUMANCHI JAYARAM","BHARATIYA JANATA PARTY",TIRUPATI,542951
"CHAVAN HARISHCHANDRA DEORAM","BHARATIYA JANATA PARTY",DINDORI,542784
"LADU KISHORE SWAIN","BIJU JANATA DAL",ASKA,541473
"RITA TARAI","BIJU JANATA DAL",JAJPUR,541349
"THAMBIDURAI M.","ALL INDIA ANNA DRAVIDA MUNNETRA KAZHAGAM",KARUR,540722
"GOKARAJU GANGA RAJU","BHARATIYA JANATA PARTY",NARSAPURAM,540306
ADITYANATH,"BHARATIYA JANATA PARTY",GORAKHPUR,539127
"RAMDAS CHANDRABHANJI TADAS","BHARATIYA JANATA PARTY",WARDHA,537518
"ASHOK GAJAPATHI RAJU PUSAPATI","TELUGU DESAM",VIZIANAGARAM,536549
"ASHOK MAHADEORAO NETE","BHARATIYA JANATA PARTY",GADCHIROLI-CHIMUR,535982
"AKSHAY YADAV","SAMAJWADI PARTY",FIROZABAD,534583
"B. SREERAMULU","BHARATIYA JANATA PARTY",BELLARY,534406
"KAMARAJ. K","ALL INDIA ANNA DRAVIDA MUNNETRA KAZHAGAM",KALLAKURICHI,533383
"BHAGWANT MANN","AAM AADMI PARTY",SANGRUR,533237
"ADV. CHINTAMAN NAVASHA WANGA","BHARATIYA JANATA PARTY",PALGHAR,533201
"RAJENDRA AGARWAL","BHARATIYA JANATA PARTY",MEERUT,532981
"LOKHANDE SADASHIV KISAN",SHIVSENA,SHIRDI,532936
"DR. BHAMRE SUBHASH RAMRAO","BHARATIYA JANATA PARTY",DHULE,529450
"FATEPARA DEVAJIBHAI GOVINDBHAI","BHARATIYA JANATA PARTY",SURENDRANAGAR,529003
"KANWAR SINGH TANWAR","BHARATIYA JANATA PARTY",AMROHA,528880
"RENUKA SINHA","ALL INDIA TRINAMOOL CONGRESS","COOCH BEHAR",526499
"SONIA GANDHI","INDIAN NATIONAL CONGRESS","RAE BARELI",526434
"BHARTRUHARI MAHATAB","BIJU JANATA DAL",CUTTACK,526085
"DALPAT SINGH PARASTE","BHARATIYA JANATA PARTY",SHAHDOL,525419
"DR. KAKALI GHOSHDOSTIDAR","ALL INDIA TRINAMOOL CONGRESS",BARASAT,525387
"KIRIT SOMAIYA","BHARATIYA JANATA PARTY","MUMBAI NORTH EAST",525285
"KRISHNA RAJ","BHARATIYA JANATA PARTY",SHAHJAHANPUR,525132
C.S.PUTTARAJU,"JANATA DAL (SECULAR)",MANDYA,524370
"CH.MALLA REDDY","TELUGU DESAM",MALKAJGIRI,523336
"PINAKI MISRA","BIJU JANATA DAL",PURI,523161
"RAKHI BIRLA","AAM AADMI PARTY","NORTH WEST DELHI",523058
"SHRIMANT CHH. UDAYANRAJE PRATAPSINHA BHONSALE","NATIONALIST CONGRESS PARTY",SATARA,522531
"SUPRIYA SULE","NATIONALIST CONGRESS PARTY",BARAMATI,521562
"THOTA CHANDRA SEKHAR","YUVAJANA SRAMIKA RYTHU CONGRESS PARTY",ELURU,521545
"CHANDRAKANT BHAURAO KHAIRE",SHIVSENA,AURANGABAD,520902
"GUDIVADA AMARNADH","YUVAJANA SRAMIKA RYTHU CONGRESS PARTY",ANAKAPALLI,520531
"KRUPAL BALAJI TUMANE",SHIVSENA,RAMTEK,519892
"KAMLA PATLE","BHARATIYA JANATA PARTY",JANJGIR-CHAMPA,518909
"G M SIDDESHWARA","BHARATIYA JANATA PARTY",DAVANAGERE,518894
RAMYA,"INDIAN NATIONAL CONGRESS",MANDYA,518852
"SWAMI SACHCHIDANAND HARI SAKSHI","BHARATIYA JANATA PARTY",UNNAO,518834
"LILADHARBHAI KHODAJI VAGHELA","BHARATIYA JANATA PARTY",PATAN,518538
"SANTOSH KUMAR GANGWAR","BHARATIYA JANATA PARTY",BAREILLY,518258
"SHARAD BANSODE","BHARATIYA JANATA PARTY",SOLAPUR,517879
"KONERU RAJENDRA PRASAD","YUVAJANA SRAMIKA RYTHU CONGRESS PARTY",VIJAYAWADA,517834
"JYOTIRADITYA M SCINDIA","INDIAN NATIONAL CONGRESS",GUNA,517036
N.MD.FAROOK,"TELUGU DESAM",NANDYAL,516645
"KALYAN BANERJEE","ALL INDIA TRINAMOOL CONGRESS",SRERAMPUR,514933
"HARSIMRAT KAUR BADAL","SHIROMANI AKALI DAL",BATHINDA,514727
"SATISH KUMAR","BHARATIYA JANATA PARTY",ALIGARH,514622
"THOTA NARASIMHAM","TELUGU DESAM",KAKINADA,514402
"ASADUDDIN OWAISI","ALL INDIA MAJLIS-E-ITTEHADUL MUSLIMEEN",HYDERABAD,513868
"BHARATHI MOHAN R.K","ALL INDIA ANNA DRAVIDA MUNNETRA KAZHAGAM",MAYILADUTHURAI,513729
"CHUDASAMA RAJESHBHAI NARANBHAI","BHARATIYA JANATA PARTY",JUNAGADH,513179
"PRAHALAD SINGH PATEL","BHARATIYA JANATA PARTY",DAMOH,513079
"APPA ALIAS SHRIRANG CHANDU BARNE",SHIVSENA,MAVAL,512226
"JASVANTSINH SUMANBHAI BHABHOR","BHARATIYA JANATA PARTY",DAHOD,511111
"CHALAMALASETTY SUNIL","YUVAJANA SRAMIKA RYTHU CONGRESS PARTY",KAKINADA,510971
"UDHAYA KUMAR .M","ALL INDIA ANNA DRAVIDA MUNNETRA KAZHAGAM",DINDIGUL,510462
PARASURAMAN.K,"ALL INDIA ANNA DRAVIDA MUNNETRA KAZHAGAM",THANJAVUR,510307
"H.D. DEVEGOWDA","JANATA DAL (SECULAR)",HASSAN,509841
"JADHAV PRATAPRAO GANPATRAO",SHIVSENA,BULDHANA,509145
"B.B. PATIL","TELANGANA RASHTRA SAMITHI",ZAHIRABAD,508661
"ABHISHEK BANERJEE","ALL INDIA TRINAMOOL CONGRESS","DIAMOND HARBOUR",508481
"RADADIYA VITHALBHAI HANSRAJBHAI","BHARATIYA JANATA PARTY",PORBANDAR,508437
"CHAUHAN PRABHATSINH PRATAPSINH","BHARATIYA JANATA PARTY",PANCHMAHAL,508274
"AHIR HANSRAJ GANGARAM","BHARATIYA JANATA PARTY",CHANDRAPUR,508049
"CHAUDHARY HARIBHAI PARTHIBHAI","BHARATIYA JANATA PARTY",BANASKANTHA,507856
"MALLIKARJUN KHARGE","INDIAN NATIONAL CONGRESS",GULBARGA,507193
"DUDDUKUNTA SREEDHAR REDDY","YUVAJANA SRAMIKA RYTHU CONGRESS PARTY",HINDUPUR,506966
"CHARANJEET SINGH RORI","INDIAN NATIONAL LOK DAL",SIRSA,506370
"KOLUSU PARTHA SARATHY","YUVAJANA SRAMIKA RYTHU CONGRESS PARTY",MACHILIPATNAM,506223
"VINOD KUMAR BOINAPALLY","TELANGANA RASHTRA SAMITHI",KARIMNAGAR,505783
"PRATHAP SIMHA","BHARATIYA JANATA PARTY",MYSORE,503908
"KESHAV PRASAD MAURYA","BHARATIYA JANATA PARTY",PHULPUR,503564
"CHANDU LAL SAHU (CHANDU BHAIYA)","BHARATIYA JANATA PARTY",MAHASAMUND,503514
V.ELUMALAI,"ALL INDIA ANNA DRAVIDA MUNNETRA KAZHAGAM",ARANI,502721
"ARJUN CHARAN SETHI","BIJU JANATA DAL",BHADRAK,502338
"AJIT JOGI","INDIAN NATIONAL CONGRESS",MAHASAMUND,502297
"S.S. MALLIKARJUN","INDIAN NATIONAL CONGRESS",DAVANAGERE,501287
"VANAROJA R","ALL INDIA ANNA DRAVIDA MUNNETRA KAZHAGAM",TIRUVANNAMALAI,500751
"DHAS SURESH RAMCHANDRA","NATIONALIST CONGRESS PARTY",BEED,499541
"SUMEDHANAND SARASWATI","BHARATIYA JANATA PARTY",SIKAR,499428
"MARAGATHAM K","ALL INDIA ANNA DRAVIDA MUNNETRA KAZHAGAM",KANCHEEPURAM,499395
"JANARDHANA POOJARY","INDIAN NATIONAL CONGRESS","DAKSHINA KANNADA",499030
"CHAUDHARI TUSHARBHAI AMARSINHBHAI","INDIAN NATIONAL CONGRESS",BARDOLI,498885
"DHARMENDRA YADAV","SAMAJWADI PARTY",BADAUN,498378
"RAMESH BIDHURI","BHARATIYA JANATA PARTY","SOUTH DELHI",497980
"KALRAJ MISHRA","BHARATIYA JANATA PARTY",DEORIA,496500
"MANPREET SINGH BADAL S/O GURDAS SINGH","INDIAN NATIONAL CONGRESS",BATHINDA,495332
"HANUMANTH RAO MYNAMPALLY","TELANGANA RASHTRA SAMITHI",MALKAJGIRI,494965
"BIJOY CHANDRA BARMAN","ALL INDIA TRINAMOOL CONGRESS",JALPAIGURI,494773
"PRATIMA MONDAL","ALL INDIA TRINAMOOL CONGRESS",JOYNAGAR,494746
"GODSE HEMANT TUKARAM",SHIVSENA,NASHIK,494735
"DUSHYANT CHAUTALA","INDIAN NATIONAL LOK DAL",HISAR,494478
"RAMESWAR TELI","BHARATIYA JANATA PARTY",DIBRUGARH,494364
"RAJEN GOHAIN","BHARATIYA JANATA PARTY",NOWGONG,494146
"HARI G.","ALL INDIA ANNA DRAVIDA MUNNETRA KAZHAGAM",ARAKKONAM,493534
"MOHAMMAD ASRARUL HAQUE","INDIAN NATIONAL CONGRESS",KISHANGANJ,493461
"VINAYAK BHAURAO RAUT",SHIVSENA,RATNAGIRI,493088
"ASHOK SHANKARRAO CHAVAN","INDIAN NATIONAL CONGRESS",NANDED,493075
"IDRIS ALI","ALL INDIA TRINAMOOL CONGRESS",BASIRHAT,492326
"LALLU SINGH","BHARATIYA JANATA PARTY",FAIZABAD,491761
"DILIP PATEL","BHARATIYA JANATA PARTY",ANAND,490829
"DEEPENDER SINGH HOODA","INDIAN NATIONAL CONGRESS",ROHTAK,490063
"MOHITE PATIL VIJAYSINH SHANKARRAO","NATIONALIST CONGRESS PARTY",MADHA,489989
"RINKU NASKAR","COMMUNIST PARTY OF INDIA (MARXIST)",MATHURAPUR,489325
"DIMPLE YADAV","SAMAJWADI PARTY",KANNAUJ,489164
"COL. SONA RAM","BHARATIYA JANATA PARTY",BARMER,488747
"C.NARAYANA SWAMY","INDIAN NATIONAL CONGRESS","BANGALORE NORTH",488562
"PRASUN BANERJEE","ALL INDIA TRINAMOOL CONGRESS",HOWRAH,488461
S.S.AHLUWALIA,"BHARATIYA JANATA PARTY",DARJEELING,488257
"SANTOSH AHLAWAT","BHARATIYA JANATA PARTY",JHUNJHUNU,488182
"SHER SINGH GHUBAYA","SHIROMANI AKALI DAL",FIROZPUR,487932
"DR. JITENDRA SINGH","BHARATIYA JANATA PARTY",UDHAMPUR,487369
"KUNWAR BHARTENDRA","BHARATIYA JANATA PARTY",BIJNOR,486913
"KARADI SANGANNA AMARAPPA","BHARATIYA JANATA PARTY",KOPPAL,486383
"RAMEN DEKA","BHARATIYA JANATA PARTY",MANGALDOI,486357
"NIRANJAN JYOTI","BHARATIYA JANATA PARTY",FATEHPUR,485994
"SHATRUGHANA SINHA","BHARATIYA JANATA PARTY","PATNA SAHIB",485905
"RESHAM MALVIYA","INDIAN NATIONAL CONGRESS",BANSWARA,485517
"KUNWER SARVESH KUMAR","BHARATIYA JANATA PARTY",MORADABAD,485224
"POONAMBEN HEMATBHAI MAADAM","BHARATIYA JANATA PARTY",JAMNAGAR,484412
"SREEMATI DEV VARMA (MOON MOON SEN)","ALL INDIA TRINAMOOL CONGRESS",BANKURA,483455
"SATYA NARAYAN SHARMA (SATTU BHAIYA)","INDIAN NATIONAL CONGRESS",RAIPUR,483276
"SAUGATA ROY","ALL INDIA TRINAMOOL CONGRESS","DUM DUM",483244
"CAPTAIN AMARINDER SINGH","INDIAN NATIONAL CONGRESS",AMRITSAR,482876
"RAJENDRAN S","ALL INDIA ANNA DRAVIDA MUNNETRA KAZHAGAM",VILUPPURAM,482704
"LAXMI NARAYAN YADAV","BHARATIYA JANATA PARTY",SAGAR,482580
"VINOD KHANNA","BHARATIYA JANATA PARTY",GURDASPUR,482255
"SRINIVASA REDDY REDDEPPAGARI","TELUGU DESAM",KADAPA,481660
"DEVENDRA SINGH @ BHOLE SINGH","BHARATIYA JANATA PARTY",AKBARPUR,481584
ARUNMOZHITHEVAN.A,"ALL INDIA ANNA DRAVIDA MUNNETRA KAZHAGAM",CUDDALORE,481429
"BODHSINGH BHAGAT","BHARATIYA JANATA PARTY",BALAGHAT,480594
"ASHOK KUMAR.K","ALL INDIA ANNA DRAVIDA MUNNETRA KAZHAGAM",KRISHNAGIRI,480491
"SALEEM AHMED","INDIAN NATIONAL CONGRESS",HAVERI,479219
"DINESH TRIVEDI","ALL INDIA TRINAMOOL CONGRESS",BARRACKPORE,479206
"JANAK RAM","BHARATIYA JANATA PARTY","GOPALGANJ (SC)",478773
"LAXMI R. HEBBALKAR","INDIAN NATIONAL CONGRESS",BELGAUM,478557
"POONAM MAHAJAN ALIAS POONAM VAJENDLA RAO","BHARATIYA JANATA PARTY","MUMBAI NORTH CENTRAL",478535
"GAWALI BHAVANA PUNDLIKRAO",SHIVSENA,YAVATMAL-WASHIM,477905
"VISHNU DAYAL RAM","BHARATIYA JANATA PARTY",PALAMAU,476513
"Y.S VIJAYAMMA","YUVAJANA SRAMIKA RYTHU CONGRESS PARTY",VISAKHAPATNAM,476344
"SENTHILNATHAN PR","ALL INDIA ANNA DRAVIDA MUNNETRA KAZHAGAM",SIVAGANGA,475993
"RITI PATHAK","BHARATIYA JANATA PARTY",SIDHI,475678
"OMKAR SINGH MARKAM","INDIAN NATIONAL CONGRESS",MANDLA,475251
"RAJVEER SINGH (RAJU BHAIYA)","BHARATIYA JANATA PARTY",ETAH,474978
"NAGENDRA SINGH","BHARATIYA JANATA PARTY",KHAJURAHO,474966
"DR.MURLI MANOHAR JOSHI","BHARATIYA JANATA PARTY",KANPUR,474712
"PRAKASH BABANNA HUKKERI","INDIAN NATIONAL CONGRESS",CHIKKODI,474373
"PINIPE VISWARUPU","YUVAJANA SRAMIKA RYTHU CONGRESS PARTY",AMALAPURAM,473971
"RAGHAV LAKHANPAL","BHARATIYA JANATA PARTY",SAHARANPUR,472999
"BUTTA RENUKA","YUVAJANA SRAMIKA RYTHU CONGRESS PARTY",KURNOOL,472782
"GAVIT MANIKRAO HODLYA","INDIAN NATIONAL CONGRESS",NANDURBAR,472581
"ADAGOORU H VISHWANATH","INDIAN NATIONAL CONGRESS",MYSORE,472300
"GUTHA SUKHENDER REDDY","INDIAN NATIONAL CONGRESS",NALGONDA,472093
"RAMESH JIGAJINAGI","BHARATIYA JANATA PARTY",BIJAPUR,471757
PANKAJ,"BHARATIYA JANATA PARTY",MAHARAJGANJ,471542
"KATTI RAMESH VISHWANATH","BHARATIYA JANATA PARTY",CHIKKODI,471370
"SEKH IBRAHIM ALI","COMMUNIST PARTY OF INDIA (MARXIST)",TAMLUK,470447
"AJAY NISHAD","BHARATIYA JANATA PARTY",MUZAFFARPUR,469295
"SUBRAT PATHAK","BHARATIYA JANATA PARTY",KANNAUJ,469257
"DR. MRIGANKA MAHATO","ALL INDIA TRINAMOOL CONGRESS",PURULIA,468277
"ANBUMANI RAMADOSS","PATTALI MAKKAL KATCHI",DHARMAPURI,468194
"SHANKERSINH VAGHELA BAPU","INDIAN NATIONAL CONGRESS",SABARKANTHA,467750
B.N.CHANDRAPPA,"INDIAN NATIONAL CONGRESS",CHITRADURGA,467511
"RAJEEV SHANKARRAO SATAV","INDIAN NATIONAL CONGRESS",HINGOLI,467397
"RANJIT SINGH BRAHMPURA","SHIROMANI AKALI DAL","KHADOOR SAHIB",467332
"ADSUL ANANDRAO VITHOBA",SHIVSENA,AMRAVATI,467212
"SELVAKUMARA CHINNAYAN S","ALL INDIA ANNA DRAVIDA MUNNETRA KAZHAGAM",ERODE,466995
"SACHIN PILOT","INDIAN NATIONAL CONGRESS",AJMER,465891
"WANKHEDE SUBHASH BAPURAO",SHIVSENA,HINGOLI,465765
"VIKRAM DEV USENDI","BHARATIYA JANATA PARTY",KANKER,465215
"GAJANAN CHANDRAKANT KIRTIKAR",SHIVSENA,"MUMBAI NORTH WEST",464820
"SADABHAU RAMCHANDRA KHOT","SWABHIMANI PAKSHA",MADHA,464645
"BIDYUT BARAN MAHATO","BHARATIYA JANATA PARTY",JAMSHEDPUR,464153
"GOPALAKRISHNAN C.","ALL INDIA ANNA DRAVIDA MUNNETRA KAZHAGAM",NILGIRIS,463700
"KIRIP CHALIHA","INDIAN NATIONAL CONGRESS",MANGALDOI,463473
"BODDU VENKATARAMANA CHOWDARY","YUVAJANA SRAMIKA RYTHU CONGRESS PARTY",RAJAHMUNDRY,463139
"MARUTHARAJAA R.P.","ALL INDIA ANNA DRAVIDA MUNNETRA KAZHAGAM",PERAMBALUR,462693
"KULDEEP BISHNOI","HARYANA JANHIT CONGRESS (BL)",HISAR,462631
"AWADE KALLAPPA BABURAO","INDIAN NATIONAL CONGRESS",HATKANANGLE,462618
"K C VENUGOPAL","INDIAN NATIONAL CONGRESS",ALAPPUZHA,462525
"SATABDI ROY","ALL INDIA TRINAMOOL CONGRESS",BIRBHUM,460568
"ISWAR CHANDRA DAS","COMMUNIST PARTY OF INDIA (MARXIST)","BARDHAMAN PURBA",460181
"BHAGWANTH KHUBA","BHARATIYA JANATA PARTY",BIDAR,459290
"SUJAN CHAKRABORTY","COMMUNIST PARTY OF INDIA (MARXIST)",JADAVPUR,459041
KUMAR.P,"ALL INDIA ANNA DRAVIDA MUNNETRA KAZHAGAM",TIRUCHIRAPPALLI,458478
"ARUN SUBHASH CHANDRA YADAV","INDIAN NATIONAL CONGRESS",KHANDWA,457643
"PATEL PRAFUL MANOHARBHAI","NATIONALIST CONGRESS PARTY",BHANDARA,456875
"SUNIL JAKHAR","INDIAN NATIONAL CONGRESS",FIROZPUR,456512
"DHOTRE SANJAY SHAMRAO","BHARATIYA JANATA PARTY",AKOLA,456472
"KAMAKHYA PRASAD TASA","BHARATIYA JANATA PARTY",JORHAT,456420
"SHANTA KUMAR","BHARATIYA JANATA PARTY",KANGRA,456163
"RAMVILAS PASWAN","LOK JAN SHAKTI PARTY","HAJIPUR (SC)",455652
"KAUSHAL KISHORE","BHARATIYA JANATA PARTY",MOHANLALGANJ,455274
"AJAY KUMAR SARNAIK","INDIAN NATIONAL CONGRESS",BAGALKOT,454988
"VANKA RAVINDRANATH","YUVAJANA SRAMIKA RYTHU CONGRESS PARTY",NARSAPURAM,454955
"PRIYANKA SINGH RAWAT","BHARATIYA JANATA PARTY",BARABANKI,454214
R.GOPALAKRISHNAN,"ALL INDIA ANNA DRAVIDA MUNNETRA KAZHAGAM",MADURAI,454167
"UMANG SINGHAR","INDIAN NATIONAL CONGRESS",DHAR,454059
"BASAVARAJ HITNAL","INDIAN NATIONAL CONGRESS",KOPPAL,453969
"KUNWAR PUSHPENDRA SINGH CHANDEL","BHARATIYA JANATA PARTY",HAMIRPUR,453884
"KALIKESH NARAYAN SINGH DEO","BIJU JANATA DAL",BOLANGIR,453519
"MEENAKASHI LEKHI","BHARATIYA JANATA PARTY","NEW DELHI",453350
"TATHAGATA SATPATHY","BIJU JANATA DAL",DHENKANAL,453277
"ANAND KUMAR","AAM AADMI PARTY","NORTH EAST DELHI",452041
"MAHADEV JAGANNATH JANKAR","RASHTRIYA SAMAJ PAKSHA",BARAMATI,451843
"BHAMBALE VIJAY MANIKRAO","NATIONALIST CONGRESS PARTY",PARBHANI,451300
"PROF. SADHU SINGH","AAM AADMI PARTY",FARIDKOT,450751
"N.Y. HANUMANTAPPA","INDIAN NATIONAL CONGRESS",BELLARY,449262
"MANASH BORAH","INDIAN NATIONAL CONGRESS",GAUHATI,449201
"RAM TAHAL CHOUDHARY","BHARATIYA JANATA PARTY",RANCHI,448729
"DR. BOORA NARSAIAH GOUD","TELANGANA RASHTRA SAMITHI",BHONGIR,448245
"ANURAG SINGH THAKUR","BHARATIYA JANATA PARTY",HAMIRPUR,448035
"SINHA TAPAS","COMMUNIST PARTY OF INDIA (MARXIST)",KANTHI,447259
"SK. SAIDUL HAQUE","COMMUNIST PARTY OF INDIA (MARXIST)",BURDWAN,447190
"MALA RAJYA LAXMI SHAH","BHARATIYA JANATA PARTY","TEHRI GARHWAL",446733
"RAM PRASAD SARMAH","BHARATIYA JANATA PARTY",TEZPUR,446511
"ARTI SINGH","INDIAN NATIONAL CONGRESS",RAIGARH,445728
"IJYARAJ SINGH","INDIAN NATIONAL CONGRESS",KOTA,444040
B.V.NAYAK,"INDIAN NATIONAL CONGRESS",RAICHUR,443659
"GOURAV GOGOI","INDIAN NATIONAL CONGRESS",KALIABOR,443315
"CHOUDHARY CHANDRABHAN KUBER SINGH","BHARATIYA JANATA PARTY",CHHINDWARA,443218
"JAGATHRAKSHAKAN S. THIRU","DRAVIDA MUNNETRA KAZHAGAM",SRIPERUMBUDUR,443174
"C B CHANDRABABU","COMMUNIST PARTY OF INDIA (MARXIST)",ALAPPUZHA,443118
"NARENDRA SINGH TOMAR","BHARATIYA JANATA PARTY",GWALIOR,442796
V.SATHYABAMA,"ALL INDIA ANNA DRAVIDA MUNNETRA KAZHAGAM",TIRUPPUR,442778
"ARAKERA SHIVANAGOUDA NAYAK","BHARATIYA JANATA PARTY",RAICHUR,442160
"DR.SHRIKANT EKNATH SHINDE",SHIVSENA,KALYAN,440892
"ASHOK KUMAR DOHAREY","BHARATIYA JANATA PARTY",ETAWAH,439646
"DIPAK KUMAR ROY","ALL INDIA FORWARD BLOC","COOCH BEHAR",439392
"KALVAKUNTLA KAVITHA","TELANGANA RASHTRA SAMITHI",NIZAMABAD,439307
"PRASANNA KUMAR PATASANI","BIJU JANATA DAL",BHUBANESWAR,439252
"DR. BANSHILAL MAHTO","BHARATIYA JANATA PARTY",KORBA,439002
"TAPAS PAUL","ALL INDIA TRINAMOOL CONGRESS",KRISHNANAGAR,438789
"DR. J. JAYAVARDHAN","ALL INDIA ANNA DRAVIDA MUNNETRA KAZHAGAM","CHENNAI SOUTH",438404
"BANDARU DATTATREYA","BHARATIYA JANATA PARTY",SECUNDRABAD,438271
"RAM CHARITRA NISHAD","BHARATIYA JANATA PARTY",MACHHLISHAHR,438210
"RAM DEV RAM","INDIAN NATIONAL CONGRESS",SARGUJA,438100
"DR. HARSH VARDHAN","BHARATIYA JANATA PARTY","CHANDNI CHOWK",437938
"E. AHAMED","INDIAN UNION MUSLIM LEAGUE",MALAPPURAM,437723
"KANTILAL BHURIA","INDIAN NATIONAL CONGRESS",RATLAM,437523
"DR. ABUL HASNAT","COMMUNIST PARTY OF INDIA (MARXIST)","DIAMOND HARBOUR",437183
"KACHHADIYA NARANBHAI BHIKHABHAI","BHARATIYA JANATA PARTY",AMRELI,436715
"ANUPRIYA SINGH PATEL","APNA DAL",MIRZAPUR,436536
"KONDA VISHWESHWAR REDDY","TELANGANA RASHTRA SAMITHI",CHELVELLA,435077
"CHARAN DAS MAHANT","INDIAN NATIONAL CONGRESS",KORBA,434737
"SAKUNTALA LAGURI","BIJU JANATA DAL",KEONJHAR,434471
"GOPAL. DR. K","ALL INDIA ANNA DRAVIDA MUNNETRA KAZHAGAM",NAGAPATTINAM,434174
"RABINDRA KUMAR JENA","BIJU JANATA DAL",BALASORE,433768
"REVUNAIK BELAMAGI","BHARATIYA JANATA PARTY",GULBARGA,432460
"SADHVI SAVITRI BAI FOOLE","BHARATIYA JANATA PARTY",BAHRAICH,432392
"HARI OM PANDEY","BHARATIYA JANATA PARTY","AMBEDKAR NAGAR",432104
"VINAY KULKARNI","INDIAN NATIONAL CONGRESS",DHARWAD,431738
"NAGARAJAN P.","ALL INDIA ANNA DRAVIDA MUNNETRA KAZHAGAM",COIMBATORE,431717
"SUBRATA BAKSHI","ALL INDIA TRINAMOOL CONGRESS","KOLKATA DAKSHIN",431715
"TARIQ ANWAR","NATIONALIST CONGRESS PARTY",KATIHAR,431292
"GODAM NAGESH","TELANGANA RASHTRA SAMITHI",ADILABAD,430847
"FOOLODEVI NETAM","INDIAN NATIONAL CONGRESS",KANKER,430057
MUDDAHANUMEGOWDA.S.P.,"INDIAN NATIONAL CONGRESS",TUMKUR,429868
"VENKATA SWETHA CHALAPATHI KUMARA KRISHNA RANGARAO RAVU","YUVAJANA SRAMIKA RYTHU CONGRESS PARTY",VIZIANAGARAM,429638
"CHANDRAKASI M","ALL INDIA ANNA DRAVIDA MUNNETRA KAZHAGAM",CHIDAMBARAM,429536
"SUSMITA BAURI","COMMUNIST PARTY OF INDIA (MARXIST)",BISHNUPUR,429185
"B.T. NAIDU","TELUGU DESAM",KURNOOL,428651
"REDDY SHANTHI","YUVAJANA SRAMIKA RYTHU CONGRESS PARTY",SRIKAKULAM,428591
"BHOLA SINGH","BHARATIYA JANATA PARTY",BEGUSARAI,428227
"NARANBHAI JEMALABHAI RATHVA","INDIAN NATIONAL CONGRESS","CHHOTA UDAIPUR",428187
"P K SREEMATHI TEACHER","COMMUNIST PARTY OF INDIA (MARXIST)",KANNUR,427622
"SOLANKI BHARATBHAI MADHAVSINH","INDIAN NATIONAL CONGRESS",ANAND,427403
"D. PURANDESWARI","BHARATIYA JANATA PARTY",RAJAMPET,426990
"BADARUDDOZA KHAN","COMMUNIST PARTY OF INDIA (MARXIST)",MURSHIDABAD,426947
"A. R. KRISHNA MURTHY","BHARATIYA JANATA PARTY",CHAMARAJANAGAR,426600
BABULAL,"BHARATIYA JANATA PARTY","FATEHPUR SIKRI",426589
"GHULAM NABI AZAD","INDIAN NATIONAL CONGRESS",UDHAMPUR,426393
"PRADIP SAHA","COMMUNIST PARTY OF INDIA (MARXIST)",HOOGHLY,425228
"MAHENDRA KUMAR ROY","COMMUNIST PARTY OF INDIA (MARXIST)",JALPAIGURI,425167
"SANTOSH RANA","COMMUNIST PARTY OF INDIA",GHATAL,424805
"M VEERAPPA MOILY","INDIAN NATIONAL CONGRESS",CHIKKBALLAPUR,424800
VASANTHI.M,"ALL INDIA ANNA DRAVIDA MUNNETRA KAZHAGAM",TENKASI,424586
"JOSE K. MANI","KERALA CONGRESS (M)",KOTTAYAM,424194
"RAGHUVIR SINGH","INDIAN NATIONAL CONGRESS",UDAIPUR,423611
"DR. SATYA PAL SINGH","BHARATIYA JANATA PARTY",BAGHPAT,423475
"DR. VIRENDRA KUMAR","BHARATIYA JANATA PARTY",TIKAMGARH,422979
"PONGULETI SRINIVASA REDDY","YUVAJANA SRAMIKA RYTHU CONGRESS PARTY",KHAMMAM,421957
"HEMENDRA CHANDRA SINGH","BIJU JANATA DAL",KANDHAMAL,421458
"MUNIRAJU GOWDA . P","BHARATIYA JANATA PARTY","BANGALORE RURAL",421243
"K SUDHAKARAN","INDIAN NATIONAL CONGRESS",KANNUR,421056
"PROF. S.P. SINGH BAGHEL","BHARATIYA JANATA PARTY",FIROZABAD,420524
"YELLAIAH NANDI","INDIAN NATIONAL CONGRESS",NAGARKURNOOL,420075
"BABUL SUPRIYA BARAL (BABUL SUPRIYO)","BHARATIYA JANATA PARTY",ASANSOL,419983
"RIZWAN ARSHAD","INDIAN NATIONAL CONGRESS","BANGALORE CENTRAL",419630
K.H.MUNIYAPPA,"INDIAN NATIONAL CONGRESS",KOLAR,418926
"SANTOSH KUMAR","JANATA DAL (UNITED)",PURNIA,418826
"RAJ KUMAR SAINI","BHARATIYA JANATA PARTY",KURUKSHETRA,418112
"KAMLESH PASWAN","BHARATIYA JANATA PARTY",BANSGAON,417959
"KOMATIREDDY RAJGOPAL REDDY","INDIAN NATIONAL CONGRESS",BHONGIR,417751
"RAJESH VERMA","BHARATIYA JANATA PARTY",SITAPUR,417546
MAHENDRAN.C,"ALL INDIA ANNA DRAVIDA MUNNETRA KAZHAGAM",POLLACHI,417092
"MULLAPPALLY RAMACHANDRAN","INDIAN NATIONAL CONGRESS",VADAKARA,416479
"B N BACHE GOWDA","BHARATIYA JANATA PARTY",CHIKKBALLAPUR,415280
"C R CHOUDHARY","BHARATIYA JANATA PARTY",NAGAUR,414791
"RENUKA RAWAT","INDIAN NATIONAL CONGRESS",HARDWAR,414498
"DR MAHENDRA NATH PANDEY","BHARATIYA JANATA PARTY",CHANDAULI,414135
"KOTHAPALLI GEETHA","YUVAJANA SRAMIKA RYTHU CONGRESS PARTY",ARUKU,413191
ADV.A.N.SHAMSEER,"COMMUNIST PARTY OF INDIA (MARXIST)",VADAKARA,413173
"ASHOK SINGH","INDIAN NATIONAL CONGRESS",GWALIOR,413097
"M B RAJESH","COMMUNIST PARTY OF INDIA (MARXIST)",PALAKKAD,412897
"MOHAMMED AZHARUDDIN","INDIAN NATIONAL CONGRESS","TONK-SAWAI MADHOPUR",412868
"ANJU BALA","BHARATIYA JANATA PARTY",MISRIKH,412575
P.K.BIJU,"COMMUNIST PARTY OF INDIA (MARXIST)",ALATHUR,411808
"D. B. PATIL","BHARATIYA JANATA PARTY",NANDED,411620
"RAM KUMAR SHARMA","RASHTRIYA LOK SAMTA PARTY",SITAMARHI,411265
"KAPIL MORESHWAR PATIL","BHARATIYA JANATA PARTY",BHIWANDI,411070
"FEROZE VARUN GANDHI","BHARATIYA JANATA PARTY",SULTANPUR,410348
"NAMA NAGESWARA RAO","TELUGU DESAM",KHAMMAM,409983
"DHARMENDRA KUMAR","BHARATIYA JANATA PARTY",AONLA,409907
"KISHANBHAI VESTABHAI PATEL","INDIAN NATIONAL CONGRESS",VALSAD,409768
"ARPITA GHOSH","ALL INDIA TRINAMOOL CONGRESS",BALURGHAT,409641
"MANJU. A.","INDIAN NATIONAL CONGRESS",HASSAN,409379
"RAHUL GANDHI","INDIAN NATIONAL CONGRESS",AMETHI,408651
N.K.PREMACHANDRAN,"REVOLUTIONARY SOCIALIST PARTY",KOLLAM,408528
"ABDUL MANNAN HOSSAIN","INDIAN NATIONAL CONGRESS",MURSHIDABAD,408494
"TASLEEM UDDIN","RASHTRIYA JANATA DAL",ARARIA,407978
"IMRAN MASOOD","INDIAN NATIONAL CONGRESS",SAHARANPUR,407909
"KAMLESHWAR VERMA","INDIAN NATIONAL CONGRESS",RAJNANDGAON,407562
"JAYANT SINHA","BHARATIYA JANATA PARTY",HAZARIBAGH,406931
"VENKATESH BABU .T.G","ALL INDIA ANNA DRAVIDA MUNNETRA KAZHAGAM","CHENNAI NORTH",406704
"RADHAKRISHNAN T","ALL INDIA ANNA DRAVIDA MUNNETRA KAZHAGAM",VIRUDHUNAGAR,406694
"PRASHANT R DESHPANDE","INDIAN NATIONAL CONGRESS","UTTARA KANNADA",406239
"MUKESH RAJPUT","BHARATIYA JANATA PARTY",FARRUKHABAD,406195
"ANWHAR RAAJHAA.A","ALL INDIA ANNA DRAVIDA MUNNETRA KAZHAGAM",RAMANATHAPURAM,405945
"(MAJ GEN (RETD.) ) BHUWAN CHANDRA KHANDURI (AVSM)","BHARATIYA JANATA PARTY",GARHWAL,405690
"SAJJAN SINGH VERMA","INDIAN NATIONAL CONGRESS",DEWAS,405333
"NANDAN NILEKANI","INDIAN NATIONAL CONGRESS","BANGALORE SOUTH",405241
"DEBESH DAS","COMMUNIST PARTY OF INDIA (MARXIST)",BANGAON,404612
"DHARAMBIR S/O BHALE RAM","BHARATIYA JANATA PARTY",BHIWANI-MAHENDRAGARH,404542
"DR. BHAGIRATH PRASAD","BHARATIYA JANATA PARTY",BHIND,404474
"VIRENDRA SINGH","BHARATIYA JANATA PARTY",BHADOHI,403544
"DR. MANDA JAGANNATH","TELANGANA RASHTRA SAMITHI",NAGARKURNOOL,403399
"KODIKUNNIL SURESH","INDIAN NATIONAL CONGRESS",MAVELIKKARA,402432
"MANOJ RAJORIA","BHARATIYA JANATA PARTY",KARAULI-DHOLPUR,402407
"PRAKASH RATHOD","INDIAN NATIONAL CONGRESS",BIJAPUR,401938
"SAKTIMOHAN MALIK","COMMUNIST PARTY OF INDIA (MARXIST)",ARAMBAGH,401919
"JASWANT SINGH",INDEPENDENT,BARMER,401286
"RADHA MOHAN SINGH","BHARATIYA JANATA PARTY","PURVI CHAMPARAN",400452
"K JAYAPRAKASH HEGDE","INDIAN NATIONAL CONGRESS","UDUPI CHIKMAGALUR",399525
"AMRISHBHAI RASIKLAL PATEL","INDIAN NATIONAL CONGRESS",DHULE,398727
"AJAY KUMAR","BHARATIYA JANATA PARTY",KHERI,398578
PRABAKARAN.K.R.P,"ALL INDIA ANNA DRAVIDA MUNNETRA KAZHAGAM",TIRUNELVELI,398139
"SIDHANT MOHAPATRA","BIJU JANATA DAL",BERHAMPUR,398107
"DR S T HASAN","SAMAJWADI PARTY",MORADABAD,397720
"M .K RAGHAVAN","INDIAN NATIONAL CONGRESS",KOZHIKODE,397615
"JAIBHANSINGH PAWAIYA","BHARATIYA JANATA PARTY",GUNA,396244
"ANANT GEETE",SHIVSENA,RAIGAD,396178
"RAJEEV APPASAHEB RAJALE","NATIONALIST CONGRESS PARTY",AHMADNAGAR,396063
"PATEL JAYESHBHAI AMBALALBHAI (JAYESH KAKA)","INDIAN NATIONAL CONGRESS",BHARUCH,395629
"PRABODH PANDA","COMMUNIST PARTY OF INDIA",MEDINIPUR,395194
"JHINA HIKAKA","BIJU JANATA DAL",KORAPUT,395109
"SIRAJ UDDIN AJMAL","ALL INDIA UNITED DEMOCRATIC FRONT",BARPETA,394702
"MEENAKSHI NATARAJAN","INDIAN NATIONAL CONGRESS",MANDSOUR,394686
"DOME RAMCHANDRA","COMMUNIST PARTY OF INDIA (MARXIST)",BOLPUR,394581
"PRAMOD BHAYA","INDIAN NATIONAL CONGRESS",JHALAWAR-BARAN,394556
"TATKARE SUNIL DATTATREY","NATIONALIST CONGRESS PARTY",RAIGAD,394068
"RAMA CHANDRA HANSDAH","BIJU JANATA DAL",MAYURBHANJ,393779
"DR. ELAHI KAMRE MAHAMMAD","COMMUNIST PARTY OF INDIA (MARXIST)",BIRBHUM,393305
"DR.A .SAMPATH","COMMUNIST PARTY OF INDIA (MARXIST)",ATTINGAL,392478
"DHARANIDHAR NAYAK","INDIAN NATIONAL CONGRESS",KENDRAPARA,392466
"RAVINDRA KUSHAWAHA","BHARATIYA JANATA PARTY",SALEMPUR,392213
"RAVINDRA KUMAR PANDEY","BHARATIYA JANATA PARTY",GIRIDIH,391913
"RAMESH PATEL","INDIAN NATIONAL CONGRESS",KHARGONE,391475
"RAJ KUMAR SINGH","BHARATIYA JANATA PARTY",ARRAH,391074
MOHAN.P.S,"ALL INDIA ANNA DRAVIDA MUNNETRA KAZHAGAM",DHARMAPURI,391048
"COL DEVINDER SEHRAWAT","AAM AADMI PARTY","SOUTH DELHI",390980
"ASHOK TANWAR","INDIAN NATIONAL CONGRESS",SIRSA,390634
"GIRIRAJ SINGH","BHARATIYA JANATA PARTY",NAWADA,390248
"RADHAKRISHNAN C.P.","BHARATIYA JANATA PARTY",COIMBATORE,389701
"C. N. JAYADEVAN","COMMUNIST PARTY OF INDIA",THRISSUR,389209
"ARCHANA BISWAS","COMMUNIST PARTY OF INDIA (MARXIST)",RANAGHAT,388684
"MAUSAM NOOR","INDIAN NATIONAL CONGRESS","MALDAHA UTTAR",388609
"SATYANARAYAN PATEL","INDIAN NATIONAL CONGRESS",INDORE,388071
"GIRIJA VYAS","INDIAN NATIONAL CONGRESS",CHITTORGARH,386379
"SUBHAS NASKAR","REVOLUTIONARY SOCIALIST PARTY",JOYNAGAR,386362
"VIRENDER KASHYAP","BHARATIYA JANATA PARTY",SHIMLA,385973
"DINESH KASHYAP","BHARATIYA JANATA PARTY",BASTAR,385829
"DR. CHANDRAPAL SINGH YADAV","SAMAJWADI PARTY",JHANSI,385422
"P KARUNAKARAN","COMMUNIST PARTY OF INDIA (MARXIST)",KASARAGOD,384964
"KARUNA SHUKLA","INDIAN NATIONAL CONGRESS",BILASPUR,384951
"ACHARIA BASUDEB","COMMUNIST PARTY OF INDIA (MARXIST)",BANKURA,384949
"AUTADE VILAS KESHAVRAO","INDIAN NATIONAL CONGRESS",JALNA,384630
"HINA LIKHIRAM KAWRE","INDIAN NATIONAL CONGRESS",BALAGHAT,384553
"ADV.SHIVAJIRAO SHIVARAMJI MOGHE","INDIAN NATIONAL CONGRESS",YAVATMAL-WASHIM,384089
"ASHOK CHANDNA","INDIAN NATIONAL CONGRESS",BHILWARA,384053
"SENGUTTUVAN B.","ALL INDIA ANNA DRAVIDA MUNNETRA KAZHAGAM",VELLORE,383719
"JANARDAN MISHRA","BHARATIYA JANATA PARTY",REWA,383320
"RAM KRIPAL YADAV","BHARATIYA JANATA PARTY",PATALIPUTRA,383262
"PRABHAS KUMAR SINGH","BIJU JANATA DAL",BARGARH,383230
"JARNAIL SINGH","AAM AADMI PARTY","WEST DELHI",382809
"NURUL HUDA","COMMUNIST PARTY OF INDIA",BASIRHAT,382667
"GANDHIRAJAN S","DRAVIDA MUNNETRA KAZHAGAM",DINDIGUL,382617
"ADV.JOICE GEORGE",INDEPENDENT,IDUKKI,382019
"RAJMOHAN GANDHI","AAM AADMI PARTY","EAST DELHI",381739
"BRIJ BHUSAN SHARAN SINGH","BHARATIYA JANATA PARTY",KAISERGANJ,381500
"RAHUL RAMESH SHEWALE",SHIVSENA,"MUMBAI SOUTH CENTRAL",381275
A.VIJAYARAGHAVAN,"COMMUNIST PARTY OF INDIA (MARXIST)",KOZHIKODE,380732
"NISHIKANT DUBEY","BHARATIYA JANATA PARTY",GODDA,380500
"SANTOKH SINGH CHAUDHARY","INDIAN NATIONAL CONGRESS",JALANDHAR,380479
"ABU HASEM KHAN CHOWDHURY","INDIAN NATIONAL CONGRESS","MALDAHA DAKSHIN",380291
"ARUN JAITLEY","BHARATIYA JANATA PARTY",AMRITSAR,380106
"RATHOD BHAVSINHBHAI DAHYABHAI","INDIAN NATIONAL CONGRESS",PATAN,379819
"HARINARAYAN RAJBHAR","BHARATIYA JANATA PARTY",GHOSI,379797
"VIJAY KUMAR HANSDAK","JHARKHAND MUKTI MORCHA",RAJMAHAL,379507
"E. T. MOHAMMED BASHEER","INDIAN UNION MUSLIM LEAGUE",PONNANI,378503
CHHOTELAL,"BHARATIYA JANATA PARTY",ROBERTSGANJ,378211
"ABHIJIT MUKHERJEE","INDIAN NATIONAL CONGRESS",JANGIPUR,378201
"ADV. T SIDDIQUE","INDIAN NATIONAL CONGRESS",KASARAGOD,378043
"PUNJABHAI BHIMABHAI VANSH","INDIAN NATIONAL CONGRESS",JUNAGADH,377347
"M I SHANAVAS","INDIAN NATIONAL CONGRESS",WAYANAD,377035
"KUWAR HARIVANSH SINGH","APNA DAL",PRATAPGARH,375789
"GIRIDHAR GAMANG","INDIAN NATIONAL CONGRESS",KORAPUT,375781
"ANOOP MISHRA","BHARATIYA JANATA PARTY",MORENA,375567
"GANESH SINGH","BHARATIYA JANATA PARTY",SATNA,375288
LAKKHIRAM,"INDIAN NATIONAL CONGRESS",KARAULI-DHOLPUR,375191
"KUNVARJIBHAI MOHANBHAI BAVALIYA","INDIAN NATIONAL CONGRESS",RAJKOT,375096
"ARVIND SAWANT",SHIVSENA,"MUMBAI SOUTH",374780
SHEEBA,"INDIAN NATIONAL CONGRESS",ALATHUR,374496
"BALABHADRA MAJHI","BIJU JANATA DAL",NABARANGPUR,373887
"PATIL PADMASINHA BAJIRAO","NATIONALIST CONGRESS PARTY",OSMANABAD,373374
"RADHAKRISHNAN P.","BHARATIYA JANATA PARTY",KANNIYAKUMARI,372906
"OM PRAKASH YADAV","BHARATIYA JANATA PARTY",SIWAN,372670
"RAMA DEVI","BHARATIYA JANATA PARTY",SHEOHAR,372506
"PATIL PRATIK PRAKASHBAPU","INDIAN NATIONAL CONGRESS",SANGLI,372271
"SUBASH CHOUHAN","BHARATIYA JANATA PARTY",BARGARH,372052
"PRADEEP KUMAR MAJHI","INDIAN NATIONAL CONGRESS",NABARANGPUR,371845
"PATEL JIVABHAI AMBALAL","INDIAN NATIONAL CONGRESS",MAHESANA,371359
"DR. SANJAY JAISWAL","BHARATIYA JANATA PARTY","PASCHIM CHAMPARAN",371232
"KOLAR KESAVA","JANATA DAL (SECULAR)",KOLAR,371076
"M.A. BABY","COMMUNIST PARTY OF INDIA (MARXIST)",KOLLAM,370879
"ARKA KESHARI DEO","BIJU JANATA DAL",KALAHANDI,370871
"HUMERA AKHTAR","SAMAJWADI PARTY",AMROHA,370666
"ZAKIR HUSSAIN","INDIAN NATIONAL LOK DAL",GURGAON,370058
"RAJESH PANDEY URF GUDDU","BHARATIYA JANATA PARTY","KUSHI NAGAR",370051
"MUZAFFAR HOSSAIN","COMMUNIST PARTY OF INDIA (MARXIST)",JANGIPUR,370040
"MD. TANVEER HASSAN","RASHTRIYA JANATA DAL",BEGUSARAI,369892
"CHENGARA SURENDRAN","COMMUNIST PARTY OF INDIA",MAVELIKKARA,369695
"SABIR UDDIN MOLLA","COMMUNIST PARTY OF INDIA (MARXIST)",ULUBERIA,369563
"RAJESH RANJAN @ PAPPU YADAV","RASHTRIYA JANATA DAL",MADHEPURA,368937
"SHINDE SUSHILKUMAR SAMBHAJIRAO","INDIAN NATIONAL CONGRESS",SOLAPUR,368205
"AMLABE NARAYAN SINGH","INDIAN NATIONAL CONGRESS",RAJGARH,367990
"YASHWANT SINGH","BHARATIYA JANATA PARTY",NAGINA,367825
"INDRAJEET KUMAR","INDIAN NATIONAL CONGRESS",SIDHI,367632
"SHAILESH KUMAR URPH BULO MANDAL","RASHTRIYA JANATA DAL",BHAGALPUR,367623
"JHA SHANTANU","COMMUNIST PARTY OF INDIA (MARXIST)",KRISHNANAGAR,367534
"HARINDER SINGH KHALSA","AAM AADMI PARTY","FATEHGARH SAHIB",367293
"KRISHNA PRATAP 'K.P.'","BHARATIYA JANATA PARTY",JAUNPUR,367149
"N. DHARAM SINGH","INDIAN NATIONAL CONGRESS",BIDAR,367068
"HARMINDER SINGH GILL","INDIAN NATIONAL CONGRESS","KHADOOR SAHIB",366763
"AJAY SINGH RAHUL BHAIYYA","INDIAN NATIONAL CONGRESS",SATNA,366600
"KAISER JAHAN","BAHUJAN SAMAJ PARTY",SITAPUR,366519
"MASTER BHANWARLAL MEGHWAL","INDIAN NATIONAL CONGRESS",GANGANAGAR,366389
"JANARDHANA SWAMY","BHARATIYA JANATA PARTY",CHITRADURGA,366220
BAALU.T.R,"DRAVIDA MUNNETRA KAZHAGAM",THANJAVUR,366188
"CHHEDI PASWAN","BHARATIYA JANATA PARTY","SASARAM (SC)",366087
"JEYASINGH THIYAGARAJ NATTERJEE.J","ALL INDIA ANNA DRAVIDA MUNNETRA KAZHAGAM",THOOTHUKKUDI,366052
"DR. DHARAM VIRA GANDHI","AAM AADMI PARTY",PATIALA,365671
"RAVINDRA KR. RAY","BHARATIYA JANATA PARTY",KODARMA,365410
"AJAY KUMAR","JHARKHAND VIKAS MORCHA (PRAJATANTRIK)",JAMSHEDPUR,364277
"SURESH KUMAR SHETKAR","INDIAN NATIONAL CONGRESS",ZAHIRABAD,364030
"SATISH CHANDRA DUBEY","BHARATIYA JANATA PARTY","VALMIKI NAGAR",364011
"BANSODE DATTATRAY GUNDERAO","INDIAN NATIONAL CONGRESS",LATUR,363114
"RADHESHYAM BISWAS","ALL INDIA UNITED DEMOCRATIC FRONT",KARIMGANJ,362866
"WAZED ALI CHOUDHURY","INDIAN NATIONAL CONGRESS",DHUBRI,362839
"RAM SWAROOP SHARMA","BHARATIYA JANATA PARTY",MANDI,362824
"MADAN LAL SHARMA","INDIAN NATIONAL CONGRESS",JAMMU,362715
"DASRATH TIRKEY","ALL INDIA TRINAMOOL CONGRESS",ALIPURDUARS,362453
"TIRTHANKAR RAY","COMMUNIST PARTY OF INDIA (MARXIST)",SRERAMPUR,362407
"PATLOLLA KARTIK REDDY","INDIAN NATIONAL CONGRESS",CHELVELLA,362054
"GOVIND SINGH RAJPUT","INDIAN NATIONAL CONGRESS",SAGAR,361843
"ANSHUL VERMA","BHARATIYA JANATA PARTY",HARDOI,360501
"BHUPEN KUMAR BORAH","INDIAN NATIONAL CONGRESS",TEZPUR,360491
REKHA,"BHARATIYA JANATA PARTY",DHAURAHRA,360357
"SATYAPAL SINGH","BHARATIYA JANATA PARTY",SAMBHAL,360242
"BHARAT SINGH","BHARATIYA JANATA PARTY",BALLIA,359758
"KIRTI VARDHAN SINGH","BHARATIYA JANATA PARTY",GONDA,359643
"PATIL NITIN SURESH","INDIAN NATIONAL CONGRESS",AURANGABAD,358902
"ANTO ANTONY","INDIAN NATIONAL CONGRESS",PATHANAMTHITTA,358842
"RAJA A.","DRAVIDA MUNNETRA KAZHAGAM",NILGIRIS,358760
"NAGENDRA KUMAR PRADHAN","BIJU JANATA DAL",SAMBALPUR,358618
"DR. NEPAL SINGH","BHARATIYA JANATA PARTY",RAMPUR,358616
INNOCENT,INDEPENDENT,CHALAKUDY,358440
"BHANWAR JITENDRA SINGH","INDIAN NATIONAL CONGRESS",ALWAR,358383
"SYED SHAHNAWAZ HUSSAIN","BHARATIYA JANATA PARTY",BHAGALPUR,358138
"HUKM DEO NARAYAN YADAV","BHARATIYA JANATA PARTY",MADHUBANI,358040
"HARISH CHANDRA ALIAS HARISH DWIVEDI","BHARATIYA JANATA PARTY",BASTI,357680
"SATHYAN MOKERI","COMMUNIST PARTY OF INDIA",WAYANAD,356165
"VIVEK KRISHNA TANKHA","INDIAN NATIONAL CONGRESS",JABALPUR,355970
G.S.BASAVARAJ,"BHARATIYA JANATA PARTY",TUMKUR,355827
"RAJIV PRATAP RUDY","BHARATIYA JANATA PARTY",SARAN,355120
"DR SHAFIQ- UR RAHMAN BARQ","SAMAJWADI PARTY",SAMBHAL,355068
"JAGTAP LAXMANBHAU PANDURANG","PEASANTS AND WORKERS PARTY OF INDIA",MAVAL,354829
"BIJOY KRISHNA HANDIQUE","INDIAN NATIONAL CONGRESS",JORHAT,354000
"PROF. K.V. THOMAS","INDIAN NATIONAL CONGRESS",ERNAKULAM,353841
"TULLA VEERENDER","TELUGU DESAM",CHELVELLA,353203
V.ABDURAHMAN,INDEPENDENT,PONNANI,353093
"VEENA DEVI","LOK JAN SHAKTI PARTY",MUNGER,352911
"SELVAM G","DRAVIDA MUNNETRA KAZHAGAM",KANCHEEPURAM,352529
"CHANDRA MOHAN PATOWARY","BHARATIYA JANATA PARTY",BARPETA,352361
"DR. MORTOZA HOSSAIN","ALL INDIA FORWARD BLOC",BARASAT,352246
"K.C.SINGH BABA","INDIAN NATIONAL CONGRESS","NAINITAL-UDHAMSINGH NAGAR",352052
"JAGARNATH MAHTO","JHARKHAND MUKTI MORCHA",GIRIDIH,351600
"K. P. DHANAPALAN","INDIAN NATIONAL CONGRESS",THRISSUR,350982
"JONJONALI BARUAH","INDIAN NATIONAL CONGRESS",NOWGONG,350587
"RAJINDER SINGH RANA","INDIAN NATIONAL CONGRESS",HAMIRPUR,349632
"INGLE KRUSHANARAO GANPATRAO","NATIONALIST CONGRESS PARTY",BULDHANA,349566
"DOLA SEN","ALL INDIA TRINAMOOL CONGRESS",ASANSOL,349503
"MRINAL KUMAR SAIKIA","BHARATIYA JANATA PARTY",KALIABOR,349441
"SANGEETA KUMARI SINGH DEO","BHARATIYA JANATA PARTY",BOLANGIR,349220
"SHARAD TRIPATHI","BHARATIYA JANATA PARTY","SANT KABIR NAGAR",348892
"AJAY TAMTA","BHARATIYA JANATA PARTY",ALMORA,348186
"BIBHU PRASAD TARAI","INDIAN NATIONAL CONGRESS",JAGATSINGHPUR,348098
"PREM SINGH CHANDUMAJRA","SHIROMANI AKALI DAL","ANANDPUR SAHIB",347394
"RAMESH CHANDER","BHARATIYA JANATA PARTY",SONIPAT,347203
"VIJAY SAMPLA","BHARATIYA JANATA PARTY",HOSHIARPUR,346643
"H D KUMARA SWAMY","JANATA DAL (SECULAR)",CHIKKBALLAPUR,346339
"PARTAP SINGH BAJWA","INDIAN NATIONAL CONGRESS",GURDASPUR,346190
"DADDAN MISHRA","BHARATIYA JANATA PARTY",SHRAWASTI,345964
"CHINNASAMY M.","DRAVIDA MUNNETRA KAZHAGAM",KARUR,345475
"PRENEET KAUR","INDIAN NATIONAL CONGRESS",PATIALA,344729
"P C CHACKO","INDIAN NATIONAL CONGRESS",CHALAKUDY,344556
"MUKUL WASNIK","INDIAN NATIONAL CONGRESS",RAMTEK,344101
"PREM CHAND JAYASI","INDIAN NATIONAL CONGRESS",JANJGIR-CHAMPA,343948
"SUDIP BANDYOPADHYAY","ALL INDIA TRINAMOOL CONGRESS","KOLKATA UTTAR",343687
"P C SHARMA (PRAKASH MANGILAL SHARMA )","INDIAN NATIONAL CONGRESS",BHOPAL,343482
"NILESH NARAYAN RANE","INDIAN NATIONAL CONGRESS",RATNAGIRI,343037
"MISHA BHARTI","RASHTRIYA JANATA DAL",PATALIPUTRA,342940
"BHAIRON PRASAD MISHRA","BHARATIYA JANATA PARTY",BANDA,342066
"NIKAM DEVDATTA JAYWANT","NATIONALIST CONGRESS PARTY",SHIRUR,341601
"MANOHAR TIRKEY","REVOLUTIONARY SOCIALIST PARTY",ALIPURDUARS,341056
"JUAL @ JUEL ORAM","BHARATIYA JANATA PARTY",SUNDARGARH,340508
"MULAYAM SINGH YADAV","SAMAJWADI PARTY",AZAMGARH,340306
"DEEPINDER SINGH DHILLON","SHIROMANI AKALI DAL",PATIALA,340109
"DR JYOTI MIRDHA","INDIAN NATIONAL CONGRESS",NAGAUR,339573
"UPENDRA KUSHWAHA","RASHTRIYA LOK SAMTA PARTY",KARAKAT,338892
"HEMLAL MURMU","BHARATIYA JANATA PARTY",RAJMAHAL,338170
"RAMSINH PARMAR","INDIAN NATIONAL CONGRESS",PANCHMAHAL,337678
"ABDUL BARI SIDDIQUI","RASHTRIYA JANATA DAL",MADHUBANI,337505
"SHABBIR AHMAD","SAMAJWADI PARTY",BAHRAICH,336747
"SUSHMITA DEV","INDIAN NATIONAL CONGRESS",SILCHAR,336451
"BIRENDRA BARA (ORAON)","BHARATIYA JANATA PARTY",ALIPURDUARS,335857
"SHIBU SOREN","JHARKHAND MUKTI MORCHA",DUMKA,335815
"BIRENDRA KUMAR CHAUDHARY","BHARATIYA JANATA PARTY",JHANJHARPUR,335481
"DINSHA PATEL","INDIAN NATIONAL CONGRESS",KHEDA,335334
"NASEER AHMAD KHAN","SAMAJWADI PARTY",RAMPUR,335181
"DR.SURESH JATAV","INDIAN NATIONAL CONGRESS",BHARATPUR,334357
"AP JITHENDER REDDY","TELANGANA RASHTRA SAMITHI",MAHBUBNAGAR,334228
"S.R. VIJAYAKUMAR","ALL INDIA ANNA DRAVIDA MUNNETRA KAZHAGAM","CHENNAI CENTRAL",333296
"MOHINDER SINGH KAYPEE","INDIAN NATIONAL CONGRESS",HOSHIARPUR,333061
"BHAUSAHEB RAJARAM WAKCHAURE","INDIAN NATIONAL CONGRESS",SHIRDI,333014
"RANJEET RANJAN","INDIAN NATIONAL CONGRESS",SUPAUL,332927
"ANNADURAI C N","DRAVIDA MUNNETRA KAZHAGAM",TIRUVANNAMALAI,332145
"VAGISH PATHAK","BHARATIYA JANATA PARTY",BADAUN,332031
"JAIPAL REDDY SUDINI","INDIAN NATIONAL CONGRESS",MAHBUBNAGAR,331638
"VINOD KUMAR SONKAR","BHARATIYA JANATA PARTY",KAUSHAMBI,331593
"ADV.DEAN KURIAKOSE","INDIAN NATIONAL CONGRESS",IDUKKI,331477
"PREMCHAND GUDDU","INDIAN NATIONAL CONGRESS",UJJAIN,331438
"SATYA BRATA MOOKHERJEE","BHARATIYA JANATA PARTY",KRISHNANAGAR,329387
"NAVNEET RAVI RANA","NATIONALIST CONGRESS PARTY",AMRAVATI,329280
"NAHID HASAN","SAMAJWADI PARTY",KAIRANA,329081
"ASIM KUMAR DASGUPTA","COMMUNIST PARTY OF INDIA (MARXIST)","DUM DUM",328310
"VIJAYAN. A.K.S","DRAVIDA MUNNETRA KAZHAGAM",NAGAPATTINAM,328095
"SURESH PUJARI","BHARATIYA JANATA PARTY",SAMBALPUR,328042
"DR. PULIN BIHARI BASKE","COMMUNIST PARTY OF INDIA (MARXIST)",JHARGRAM,326621
"HARI MANJHI","BHARATIYA JANATA PARTY","GAYA (SC)",326230
"KOLI PATEL SOMABHAI GANDALAL","INDIAN NATIONAL CONGRESS",SURENDRANAGAR,326096
"ASHOK KUMAR RAWAT","BAHUJAN SAMAJ PARTY",MISRIKH,325212
"SHANMUGAM A.C.","BHARATIYA JANATA PARTY",VELLORE,324326
"BRIJ KISHOR SINGH DIMPAL","SAMAJWADI PARTY",BASTI,324118
"NEELAM SONKAR","BHARATIYA JANATA PARTY",LALGANJ,324016
"DR. MAHESH JOSHI","INDIAN NATIONAL CONGRESS",JAIPUR,324013
"AMBIKA SONI","INDIAN NATIONAL CONGRESS","ANANDPUR SAHIB",323697
"ADV.BINDHU KRISHNA","INDIAN NATIONAL CONGRESS",ATTINGAL,323100
"SANGRAM KESHARI JENA","INDIAN NATIONAL CONGRESS",BHADRAK,322979
"PRATIBHA SINGH","INDIAN NATIONAL CONGRESS",MANDI,322968
"KHAGEN MURMU","COMMUNIST PARTY OF INDIA (MARXIST)","MALDAHA UTTAR",322904
"DR. ARUN KUMAR","RASHTRIYA LOK SAMTA PARTY",JAHANABAD,322647
"KAUSHLENDRA KUMAR","JANATA DAL (UNITED)",NALANDA,321982
"GUMMIDI SANDHYARANI","TELUGU DESAM",ARUKU,321793
"MEGHE SAGAR DATTATRAYA","INDIAN NATIONAL CONGRESS",WARDHA,321735
"DILIP KUMAR TIRKEY","BIJU JANATA DAL",SUNDARGARH,321679
"SUKHDEV SINGH DHINDSA","SHIROMANI AKALI DAL",SANGRUR,321516
"JANARDAN SINGH SIGRIWAL","BHARATIYA JANATA PARTY",MAHARAJGANJ,320753
"PROF. AZMEERA SEETARAM NAIK","TELANGANA RASHTRA SAMITHI",MAHABUBABAD,320569
"RANEE NARAH","INDIAN NATIONAL CONGRESS",LAKHIMPUR,320405
"FURKAN ANSARI","INDIAN NATIONAL CONGRESS",GODDA,319818
"NARENDRA BHATI","SAMAJWADI PARTY","GAUTAM BUDDHA NAGAR",319490
"OM PARKASH DHANKAR","BHARATIYA JANATA PARTY",ROHTAK,319436
"ASHWINI KUMAR CHOUBEY","BHARATIYA JANATA PARTY",BUXAR,319012
"R. PRABHAKARA REDDY","JANATA DAL (SECULAR)","BANGALORE RURAL",317870
"MD. SALIM","COMMUNIST PARTY OF INDIA (MARXIST)",RAIGANJ,317515
"NITYANAND RAI","BHARATIYA JANATA PARTY",UJIARPUR,317352
"NIKHIL KUMAR CHOUDHARY","BHARATIYA JANATA PARTY",KATIHAR,316552
"RUDRA NARAYAN PANY","BHARATIYA JANATA PARTY",DHENKANAL,315937
"DEEPA DASMUNSI","INDIAN NATIONAL CONGRESS",RAIGANJ,315881
"HARISH CHANDRA MEENA","BHARATIYA JANATA PARTY",DAUSA,315059
"AJAY SHAH MAKRAI","INDIAN NATIONAL CONGRESS",BETUL,315037
"KIRTI AZAD","BHARATIYA JANATA PARTY",DARBHANGA,314949
"PRADIPTA KUMAR NAIK","BHARATIYA JANATA PARTY",KALAHANDI,314524
"NARAHARI MAHATO","ALL INDIA FORWARD BLOC",PURULIA,314400
"RABRI DEVI","RASHTRIYA JANATA DAL",SARAN,314172
"SANJEEV GANESH NAIK","NATIONALIST CONGRESS PARTY",THANE,314065
"DR. ADITYA LANGTHASA","ALL INDIA UNITED DEMOCRATIC FRONT",NOWGONG,314012
"CHOUDHARY MAHBOOB ALI KAISER","LOK JAN SHAKTI PARTY",KHAGARIA,313806
"SHYAMA CHARAN GUPTA","BHARATIYA JANATA PARTY",ALLAHABAD,313772
"SADHU SINGH","INDIAN NATIONAL CONGRESS","FATEHGARH SAHIB",313149
"K. V. PUSA","INDIAN NATIONAL CONGRESS",NAGALAND,313147
"KULWANT SINGH","SHIROMANI AKALI DAL","FATEHGARH SAHIB",312815
"MUNNI DEVI GODARA","INDIAN NATIONAL CONGRESS",PALI,312733
"SHARAD YADAV","JANATA DAL (UNITED)",MADHEPURA,312728
"SATYA NAND SHARMA","LOK JAN SHAKTI PARTY",NALANDA,312355
"DR.BHAGAVANTH RAO","BHARATIYA JANATA PARTY",HYDERABAD,311414
"MANIMARAN. R","DRAVIDA MUNNETRA KAZHAGAM",KALLAKURICHI,309876
"R.K CHAUDHARY","BAHUJAN SAMAJ PARTY",MOHANLALGANJ,309858
"PAWAN KUMAR TINU","SHIROMANI AKALI DAL",JALANDHAR,309498
"AHIR VIKRAMBHAI ARJANBHAI MADAM","INDIAN NATIONAL CONGRESS",JAMNAGAR,309123
"PABAN SINGH GHATOWAR","INDIAN NATIONAL CONGRESS",DIBRUGARH,309017
"DR.DINESH PARMAR","INDIAN NATIONAL CONGRESS",KACHCHH,308373
ANBHALAGAN.MU,"DRAVIDA MUNNETRA KAZHAGAM",TIRUCHIRAPPALLI,308002
"BHAKTA CHARAN DAS","INDIAN NATIONAL CONGRESS",KALAHANDI,307967
"SUSHIL KUMAR SINGH","BHARATIYA JANATA PARTY",AURANGABAD,307941
"M P VEERENDRAKUMAR","SOCIALIST JANATA (DEMOCRATIC)",PALAKKAD,307597
"CHHAGAN BHUJBAL","NATIONALIST CONGRESS PARTY",NASHIK,307399
"GIRIRAJAN .R","DRAVIDA MUNNETRA KAZHAGAM","CHENNAI NORTH",307000
"PATEL HIMMATSINGH PRAHLADSINGH","INDIAN NATIONAL CONGRESS","AHMEDABAD EAST",306949
"MANOJ SINHA","BHARATIYA JANATA PARTY",GHAZIPUR,306929
"HIMMAT SINGH SHERGILL","AAM AADMI PARTY","ANANDPUR SAHIB",306008
"PATEL JOITABHAI KASNABHAI","INDIAN NATIONAL CONGRESS",BANASKANTHA,305522
"RAMA KISHORE SINGH","LOK JAN SHAKTI PARTY",VAISHALI,305450
RAVIKUMAR.D,"VIDUTHALAI CHIRUTHAIGAL KATCHI",THIRUVALLUR,305069
"LAKSHMAN SINGH","INDIAN NATIONAL CONGRESS",VIDISHA,303650
"ADV.MATHEW T. THOMAS","JANATA DAL (SECULAR)",KOTTAYAM,303595
"CHANDRESH KUMARI","INDIAN NATIONAL CONGRESS",JODHPUR,303464
"VINOD KUMAR ALIAS PANDIT SINGH","SAMAJWADI PARTY",KAISERGANJ,303282
"LAXMAN GILUWA","BHARATIYA JANATA PARTY",SINGHBHUM,303131
"VILAS MUTTEMWAR","INDIAN NATIONAL CONGRESS",NAGPUR,302939
"MEIRA KUMAR","INDIAN NATIONAL CONGRESS","SASARAM (SC)",302760
"BIMALENDU SARKAR (BIMAL)","REVOLUTIONARY SOCIALIST PARTY",BALURGHAT,302677
"ADV. PEELIPOSE THOMAS",INDEPENDENT,PATHANAMTHITTA,302651
"UDAY SINGH ALIAS PAPPU SINGH","BHARATIYA JANATA PARTY",PURNIA,302157
"MOHAN LAL BRAKTA","INDIAN NATIONAL CONGRESS",SHIMLA,301786
T.K.S.ELANGOVAN,"DRAVIDA MUNNETRA KAZHAGAM","CHENNAI SOUTH",301779
"PATIL VISHWANATH RAMCHANDRA","INDIAN NATIONAL CONGRESS",BHIWANDI,301620
ASHUTOSH,"AAM AADMI PARTY","CHANDNI CHOWK",301618
"KABINDRA PURKAYASTHA","BHARATIYA JANATA PARTY",SILCHAR,301210
"THIRUMAAVALAVAN THOL","VIDUTHALAI CHIRUTHAIGAL KATCHI",CHIDAMBARAM,301041
"ABHINESH MAHARSHI","BAHUJAN SAMAJ PARTY",CHURU,301017
"SMRITI ZUBIN IRANI","BHARATIYA JANATA PARTY",AMETHI,300748
"PONNAM PRABHAKAR","INDIAN NATIONAL CONGRESS",KARIMNAGAR,300706
"MOHD.SHAHID AKHLAK","BAHUJAN SAMAJ PARTY",MEERUT,300655
"RAVNEET SINGH BITTU","INDIAN NATIONAL CONGRESS",LUDHIANA,300459
"DR. C.P. JOSHI","INDIAN NATIONAL CONGRESS","JAIPUR RURAL",300034
"CHOUDHARY MAHENDRA PRATAP SINGH","INDIAN NATIONAL CONGRESS",DAMOH,299780
"DR. NAMDEO DALLUJI USENDI","INDIAN NATIONAL CONGRESS",GADCHIROLI-CHIMUR,299112
"DR. DEBAMOY SANYAL","BHARATIYA JANATA PARTY",DHUBRI,298985
"DR DILIP KUMAR JAISWAL","BHARATIYA JANATA PARTY",KISHANGANJ,298849
"JAGDAMBIKA PAL","BHARATIYA JANATA PARTY",DOMARIYAGANJ,298845
"AFZAL SIDDIQUI","BAHUJAN SAMAJ PARTY",FATEHPUR,298788
"DR. SHASHI THAROOR","INDIAN NATIONAL CONGRESS",THIRUVANANTHAPURAM,297806
"ISHWARBAHI DHANABHAI MAKWANA","INDIAN NATIONAL CONGRESS","AHMEDABAD WEST",296793
"SUNIL SOREN","BHARATIYA JANATA PARTY",DUMKA,296785
"THANGSO BAITE","INDIAN NATIONAL CONGRESS","OUTER MANIPUR",296770
"P.C. SORCAR JUNIOR","BHARATIYA JANATA PARTY",BARASAT,296608
"SUNIL KUMAR SINGH","BHARATIYA JANATA PARTY",CHATRA,295862
"TATHAGATA ROY","BHARATIYA JANATA PARTY","KOLKATA DAKSHIN",295376
"DR. BHARATI PRAVIN PAWAR","NATIONALIST CONGRESS PARTY",DINDORI,295165
"BALIRAM SUKUR JADHAV","BAHUJAN VIKAS AAGHADI",PALGHAR,293681
"RAKESH PANDEY","BAHUJAN SAMAJ PARTY","AMBEDKAR NAGAR",292675
"DR. THOKCHOM MEINYA","INDIAN NATIONAL CONGRESS","INNER MANIPUR",292102
"PRATAP CHANDRA SARANGI","BHARATIYA JANATA PARTY",BALASORE,291943
"DUTT PRIYA SUNIL","INDIAN NATIONAL CONGRESS","MUMBAI NORTH CENTRAL",291764
"SRIDIP BHATTACHARYA","COMMUNIST PARTY OF INDIA (MARXIST)",HOWRAH,291505
"BHAI CHUNG BHUTIA","ALL INDIA TRINAMOOL CONGRESS",DARJEELING,291018
"ASHISH KHETAN","AAM AADMI PARTY","NEW DELHI",290642
"KIRITBHAI ISHVARBHAI PATEL","INDIAN NATIONAL CONGRESS",GANDHINAGAR,290418
"UMED SINGH KASHYAP","BAHUJAN SAMAJ PARTY",SHAHJAHANPUR,289603
"MUTHAIYAN K DR","DRAVIDA MUNNETRA KAZHAGAM",VILUPPURAM,289337
"ALI MOHAMMAD","ALL INDIA TRINAMOOL CONGRESS",MURSHIDABAD,289027
"UMARANI. S","DRAVIDA MUNNETRA KAZHAGAM",SALEM,288936
"SHAILENDRA KUMAR","SAMAJWADI PARTY",KAUSHAMBI,288746
"BALBIR SINGH SAINI","INDIAN NATIONAL LOK DAL",KURUKSHETRA,288376
"PROF. RITA BAHUGUNA JOSHI","INDIAN NATIONAL CONGRESS",LUCKNOW,288357
"ARVIND GIRI","BAHUJAN SAMAJ PARTY",KHERI,288304
"NAVEEN JINDAL","INDIAN NATIONAL CONGRESS",KURUKSHETRA,287722
"BAPPI LAHIRI","BHARATIYA JANATA PARTY",SRERAMPUR,287712
"DAYANIDHI MARAN","DRAVIDA MUNNETRA KAZHAGAM","CHENNAI CENTRAL",287455
"MANISHDADA JAIN","NATIONALIST CONGRESS PARTY",RAVER,287384
"MOHAMED JALEEL .S","DRAVIDA MUNNETRA KAZHAGAM",RAMANATHAPURAM,286621
"CHANDER KUMAR","INDIAN NATIONAL CONGRESS",KANGRA,286091
"P. BALRAM","INDIAN NATIONAL CONGRESS",MAHABUBABAD,285577
"CHIRAG KUMAR PASWAN","LOK JAN SHAKTI PARTY","JAMUI (SC)",285354
"JAI PRAKASH NARAYAN YADAV","RASHTRIYA JANATA DAL",BANKA,285150
"KUNWAR RATANJIT PRATAP NARAIN SINGH","INDIAN NATIONAL CONGRESS","KUSHI NAGAR",284511
"RAJES NANDINI SINGH","INDIAN NATIONAL CONGRESS",SHAHDOL,284118
"RAM PRASAD CHAUDHARY","BAHUJAN SAMAJ PARTY",BASTI,283747
"NARAYAN SINGH SUMAN","BAHUJAN SAMAJ PARTY",AGRA,283453
"PRABHU NATH SINGH","RASHTRIYA JANATA DAL",MAHARAJGANJ,282338
"SRI. O RAJAGOPAL","BHARATIYA JANATA PARTY",THIRUVANANTHAPURAM,282336
"KAMAT GURUDAS VASANT","INDIAN NATIONAL CONGRESS","MUMBAI NORTH WEST",281792
"SHAHNAWAZ RANA","SAMAJWADI PARTY",BIJNOR,281139
"SOSO LORHO","NAGA PEOPLES FRONT","OUTER MANIPUR",281133
"TAVIYAD DR. PRABHABEN KISHORSINH","INDIAN NATIONAL CONGRESS",DAHOD,280757
"HARVINDER SINGH PHOOLKA","AAM AADMI PARTY",LUDHIANA,280750
"THUMMAR VIRJIBHAI KESHAVBHAI (VIRJIBHAI THUMMAR)","INDIAN NATIONAL CONGRESS",AMRELI,280483
"SURENDRA PRASAD YADAV","RASHTRIYA JANATA DAL",JAHANABAD,280307
"MANGANI LAL MANDAL","RASHTRIYA JANATA DAL",JHANJHARPUR,280073
"MD. ALI ASHRAF FATMI","RASHTRIYA JANATA DAL",DARBHANGA,279906
"DEVENDRA PATEL GUDDU BHAIYA","INDIAN NATIONAL CONGRESS",HOSHANGABAD,279168
"SHIVE PRASAD VERMA","BAHUJAN SAMAJ PARTY",HARDOI,279158
SUDHAMANIRATHINEM,"PATTALI MAKKAL KATCHI",CHIDAMBARAM,279016
"TERA CHINNAPA REDDY","TELUGU DESAM",NALGONDA,278937
"URKHAO GWRA BRAHMA",INDEPENDENT,KOKRAJHAR,278649
"NANDINI MUKHERJEE","COMMUNIST PARTY OF INDIA (MARXIST)","KOLKATA DAKSHIN",278414
NANDAGOPALAKRISHNAN.K.,"DRAVIDA MUNNETRA KAZHAGAM",CUDDALORE,278304
"PARAMJIT KAUR GULSHAN","SHIROMANI AKALI DAL",FARIDKOT,278235
"ISMAIL HUSSAIN","INDIAN NATIONAL CONGRESS",BARPETA,277802
"SARAT PATTNAYAK","INDIAN NATIONAL CONGRESS",BOLANGIR,277616
"AYESHA ISLAM","SAMAJWADI PARTY",BAREILLY,277573
"SHRIKANTA KUMAR JENA","INDIAN NATIONAL CONGRESS",BALASORE,277517
"ANANTA NAYAK","BHARATIYA JANATA PARTY",KEONJHAR,277154
"RAMAKANT YADAV","BHARATIYA JANATA PARTY",AZAMGARH,277102
"ER. SHANKAR PANNU","INDIAN NATIONAL CONGRESS",BIKANER,276853
"USHA VERMA","SAMAJWADI PARTY",HARDOI,276543
ESWARAN.E.R.,"BHARATIYA JANATA PARTY",POLLACHI,276118
"YASHVIR SINGH","SAMAJWADI PARTY",NAGINA,275435
"MISTRI MADHUSUDAN DEVRAM","INDIAN NATIONAL CONGRESS",VADODARA,275336
"BAHADUR SINGH","INDIAN NATIONAL LOK DAL",BHIWANI-MAHENDRAGARH,275148
"PUTUL KUMARI","BHARATIYA JANATA PARTY",BANKA,275006
"SANJAY BHOI","INDIAN NATIONAL CONGRESS",BARGARH,274610
"SMT SHIVKANYA KUSHWAHA","SAMAJWADI PARTY",GHAZIPUR,274477
"G. VIVEKANAND","INDIAN NATIONAL CONGRESS",PEDDAPALLE,274338
"KU. DEVENDRA SINGH YADAV","SAMAJWADI PARTY",ETAH,273977
"CHINNA PILLAPPA.P","DRAVIDA MUNNETRA KAZHAGAM",KRISHNAGIRI,273900
"DILESHWAR KAMAIT","JANATA DAL (UNITED)",SUPAUL,273255
"DR. JANARDHAN REDDY NAGAM","BHARATIYA JANATA PARTY",MAHBUBNAGAR,272791
"SUBHASHINI ALI","COMMUNIST PARTY OF INDIA (MARXIST)",BARRACKPORE,272433
"MADHU YASKHI GOUD","INDIAN NATIONAL CONGRESS",NIZAMABAD,272123
"RAJ KUMAR BALMIKI","INDIAN NATIONAL CONGRESS",AMBALA,272047
"DEVADASA SUNDARAM","DRAVIDA MUNNETRA KAZHAGAM",TIRUNELVELI,272040
"DEOTALE SANJAY WAMANRAO","INDIAN NATIONAL CONGRESS",CHANDRAPUR,271780
"KUNWAR SARVRAJ SINGH","SAMAJWADI PARTY",AONLA,271478
"NEPOLE RAGHU MURMU","BHARATIYA JANATA PARTY",MAYURBHANJ,270913
"RAM CHANDRA PASWAN","LOK JAN SHAKTI PARTY","SAMASTIPUR (SC)",270401
"CHANDRA SEKHAR SAHU","INDIAN NATIONAL CONGRESS",BERHAMPUR,270387
"JAGBIR SINGH MALIK","INDIAN NATIONAL CONGRESS",SONIPAT,269789
"DR. KIRODI LAL","NATIONAL PEOPLES PARTY",DAUSA,269655
"HEMANAND BISWAL","INDIAN NATIONAL CONGRESS",SUNDARGARH,269335
"KARIA MUNDA","BHARATIYA JANATA PARTY",KHUNTI,269185
"RAJAIAH SIRICILLA","INDIAN NATIONAL CONGRESS",WARANGAL,269065
GANDHISELVAN.S,"DRAVIDA MUNNETRA KAZHAGAM",NAMAKKAL,268898
"SHRUTI CHOUDHRY","INDIAN NATIONAL CONGRESS",BHIWANI-MAHENDRAGARH,268115
EM.NARAYANASWAMY,"BHARATIYA JANATA PARTY",KOLAR,267322
"CHRISTY FERNANDEZ",INDEPENDENT,ERNAKULAM,266794
"RAJKUMAR YADAV","COMMUNIST PARTY OF INDIA (MARXIST-LENINIST) (LIBERATION)",KODARMA,266756
"PREMDAS KATERIYA","SAMAJWADI PARTY",ETAWAH,266700
"SHAH ALAM ALIAS GUDDU JAMALI","BAHUJAN SAMAJ PARTY",AZAMGARH,266528
"BHOLANATH ALIAS B.P. SAROJ","BAHUJAN SAMAJ PARTY",MACHHLISHAHR,266055
"PADAM SINGH","INDIAN NATIONAL LOK DAL",SONIPAT,264404
"ANNASAHEB DR.SATISH BHASKARRAO PATIL","NATIONALIST CONGRESS PARTY",JALGAON,264248
"DR. ASHOK KUMAR","INDIAN NATIONAL CONGRESS","SAMASTIPUR (SC)",263529
N.DINESHKUMAR,"DESIYA MURPOKKU DRAVIDA KAZHAGAM",TIRUPPUR,263463
"SITARAM YADAV","RASHTRIYA JANATA DAL",SITAMARHI,263300
DR.KRISHNASAMY.K.,"PUTHIYA TAMILAGAM",TENKASI,262812
"MAKSUD MIRZA","INDIAN NATIONAL CONGRESS",NAVSARI,262715
"PRADEEP KUMAR SINGH","BHARATIYA JANATA PARTY",ARARIA,261474
"DEEPAK KARMA (BUNTY)","INDIAN NATIONAL CONGRESS",BASTAR,261470
"BRIJLAL KHABRI","BAHUJAN SAMAJ PARTY",JALAUN,261429
VAIKO,"MARUMALARCHI DRAVIDA MUNNETRA KAZHAGAM",VIRUDHUNAGAR,261143
"PRAKASH JHA","JANATA DAL (UNITED)","PASCHIM CHAMPARAN",260978
"BECHAI SAROJ","SAMAJWADI PARTY",LALGANJ,260930
"KRISHNA DAS","BHARATIYA JANATA PARTY",KARIMGANJ,260772
"DR. PALLA RAJESHWAR REDDY","TELANGANA RASHTRA SAMITHI",NALGONDA,260677
"DR.P. SHRAVAN KUMAR REDDY","INDIAN NATIONAL CONGRESS",MEDAK,260463
"PRATAP SINGH JAT","INDIAN NATIONAL CONGRESS",SIKAR,260232
"ATIQ AHMAD","SAMAJWADI PARTY",SHRAWASTI,260051
"SUCHARITA MOHANTY","INDIAN NATIONAL CONGRESS",PURI,259800
NARESH,"INDIAN NATIONAL CONGRESS",ADILABAD,259557
R.SIVANANDAM,"DRAVIDA MUNNETRA KAZHAGAM",ARANI,258877
"HENA SHAHAB","RASHTRIYA JANATA DAL",SIWAN,258823
A.KRISHNAPPA,"JANATA DAL (SECULAR)",TUMKUR,258683
"NEPAL MAHATA","INDIAN NATIONAL CONGRESS",PURULIA,257923
"ANIL KUMAR MAURYA","BAHUJAN SAMAJ PARTY",CHANDAULI,257379
"ALOK KUMAR MEHTA","RASHTRIYA JANATA DAL",UJIARPUR,256883
LA.GANESAN,"BHARATIYA JANATA PARTY","CHENNAI SOUTH",256786
"V VELUSAMY","DRAVIDA MUNNETRA KAZHAGAM",MADURAI,256731
"PON. MUTHURAMALINGAM","DRAVIDA MUNNETRA KAZHAGAM",THENI,256722
"MANPREET SINGH AYALI","SHIROMANI AKALI DAL",LUDHIANA,256590
"BANSA GOPAL CHOUDHURY","COMMUNIST PARTY OF INDIA (MARXIST)",ASANSOL,255829
"R. RADHAKRISHNAN","ALL INDIA N.R. CONGRESS",PUDUCHERRY,255826
"RAMESHWAR SINGH YADAV","SAMAJWADI PARTY",FARRUKHABAD,255693
GANESHAMURTHI.A,"MARUMALARCHI DRAVIDA MUNNETRA KAZHAGAM",ERODE,255432
"SRIBHAGWAN SINGH KUSHWAHA","RASHTRIYA JANATA DAL",ARRAH,255204
"TAPAN SIKDAR","BHARATIYA JANATA PARTY","DUM DUM",254819
"RAJ BALA OLA","INDIAN NATIONAL CONGRESS",JHUNJHUNU,254347
"SAKET BAHUGUNA","INDIAN NATIONAL CONGRESS","TEHRI GARHWAL",254230
"JYOTI MANN","AAM AADMI PARTY",JALANDHAR,254121
"DR.VISHWAJEET PATANGRAO KADAM","INDIAN NATIONAL CONGRESS",PUNE,254056
"RATHOD PRAVINBHAI JINABHAI","INDIAN NATIONAL CONGRESS",BHAVNAGAR,254041
"SEEMA UPADHYAY","BAHUJAN SAMAJ PARTY","FATEHPUR SIKRI",253483
"PATEL HIDAYAT ULLA BARKAT ULLA","INDIAN NATIONAL CONGRESS",AKOLA,253356
A.K.MOORTHY,"PATTALI MAKKAL KATCHI",ARANI,253332
"ELANGO N.R","DRAVIDA MUNNETRA KAZHAGAM",ARAKKONAM,252768
"AQEEL-UR -REHMAN KHAN","BAHUJAN SAMAJ PARTY",SAMBHAL,252640
"VIJAY KUMAR SINGH","BHARATIYA JANATA PARTY",MADHEPURA,252534
"PRADEEP TAMTA","INDIAN NATIONAL CONGRESS",ALMORA,252496
"KADIR RANA","BAHUJAN SAMAJ PARTY",MUZAFFARNAGAR,252241
"PONGALUR PALANISAMY.N","DRAVIDA MUNNETRA KAZHAGAM",POLLACHI,251829
"SRIPRAKASH JAISWAL","INDIAN NATIONAL CONGRESS",KANPUR,251766
"KUNWAR REWATI RAMAN SINGH ALIAS MANI","SAMAJWADI PARTY",ALLAHABAD,251763
"JOGINDER SINGH","INDIAN NATIONAL CONGRESS",FARIDKOT,251222
"SUBHAS KUMAR SARKAR","BHARATIYA JANATA PARTY",BANKURA,251183
"BHISM SHANKAR ALIAS KUSHAL TIWARI","BAHUJAN SAMAJ PARTY","SANT KABIR NAGAR",250914
"AJAY KUMAR DUBEY","INDIAN NATIONAL CONGRESS",DHANBAD,250537
"RAJ BALLABH PRASAD","RASHTRIYA JANATA DAL",NAWADA,250091
"PRITHIVIRAJ HARICHANDAN","BHARATIYA JANATA PARTY",BHUBANESWAR,249775
