CANDIDATE,PARTY,CONSTITUENCY,VOTES,TOTAL_VOTES,VOTE_SHARE
"DARSHANA VIKRAM JARDOSH","BHARATIYA JANATA PARTY",SURAT,718412,947922,0.7579
"NARENDRA MODI","BHARATIYA JANATA PARTY",VADODARA,845464,1161577,0.7279
"C. R. PATIL","BHARATIYA JANATA PARTY",NAVSARI,820831,1160747,0.7072
"GOPAL CHINAYYA SHETTY","BHARATIYA JANATA PARTY","MUMBAI NORTH",664004,946562,0.7015
"NEIPHIU RIO","NAGA PEOPLES FRONT",NAGALAND,713372,1038910,0.6867
L.K.ADVANI,"BHARATIYA JANATA PARTY",GANDHINAGAR,773539,1135495,0.6812
"RAMCHARAN BOHARA","BHARATIYA JANATA PARTY",JAIPUR,863358,1296806,0.6658
"SUSHMA SWARAJ","BHARATIYA JANATA PARTY",VIDISHA,714348,1073473,0.6655
"GAJENDRASINGH SHEKHAWAT","BHARATIYA JANATA PARTY",JODHPUR,713515,1078598,0.6615
"HARIOM SINGH RATHORE","BHARATIYA JANATA PARTY",RAJSAMAND,644794,982119,0.6565
"JITENDRA CHOUDHURY","COMMUNIST PARTY OF INDIA (MARXIST)","TRIPURA EAST",623771,951110,0.6558
"A.T. NANA PATIL","BHARATIYA JANATA PARTY",JALGAON,647773,990332,0.6541
"P P CHOUDHARY","BHARATIYA JANATA PARTY",PALI,711772,1095587,0.6497
"SUMITRA MAHAJAN (TAI)","BHARATIYA JANATA PARTY",INDORE,854972,1316817,0.6493
"UDAY PRATAP SINGH","BHARATIYA JANATA PARTY",HOSHANGABAD,669128,1031175,0.6489
"PARESH RAWAL","BHARATIYA JANATA PARTY","AHMEDABAD EAST",633582,985525,0.6429
"DR. KIRIT P SOLANKI","BHARATIYA JANATA PARTY","AHMEDABAD WEST",617104,964609,0.6397
"SONIA GANDHI","INDIAN NATIONAL CONGRESS","RAE BARELI",526434,825136,0.6380
"ALOK SANJAR","BHARATIYA JANATA PARTY",BHOPAL,714178,1130182,0.6319
"PROF. CHINTAMANI MALVIYA","BHARATIYA JANATA PARTY",UJJAIN,641101,1016405,0.6308
"ARJUN RAM MEGHWAL","BHARATIYA JANATA PARTY",BIKANER,584932,929751,0.6291
"RADADIYA VITHALBHAI HANSRAJBHAI","BHARATIYA JANATA PARTY",PORBANDAR,508437,809433,0.6281
"SANKAR PRASAD DATTA","COMMUNIST PARTY OF INDIA (MARXIST)","TRIPURA WEST",671665,1072749,0.6261
"RAJYAVARDHAN SINGH RATHORE","BHARATIYA JANATA PARTY","JAIPUR RURAL",632930,1013691,0.6244
"JYOTI DHURVE","BHARATIYA JANATA PARTY",BETUL,643651,1047719,0.6143
"KIRIT SOMAIYA","BHARATIYA JANATA PARTY","MUMBAI NORTH EAST",525285,861761,0.6095
"CHAND NATH","BHARATIYA JANATA PARTY",ALWAR,642278,1062305,0.6046
"LADU KISHORE SWAIN","BIJU JANATA DAL",ASKA,541473,896281,0.6041
"BAHADUR SINGH","BHARATIYA JANATA PARTY",BHARATPUR,579825,962432,0.6025
"SUDHIR GUPTA","BHARATIYA JANATA PARTY",MANDSOUR,698335,1161349,0.6013
"KHADASE RAKSHA NIKHIL","BHARATIYA JANATA PARTY",RAVER,605452,1009213,0.5999
"CHANDRA PRAKASH JOSHI","BHARATIYA JANATA PARTY",CHITTORGARH,703236,1172629,0.5997
"DR. BHARATIBEN DHIRUBHAI SHIYAL","BHARATIYA JANATA PARTY",BHAVNAGAR,549529,917402,0.5990
"BHOLA SINGH","BHARATIYA JANATA PARTY",BULANDSHAHR,604449,1009710,0.5986
"MULAYAM SINGH YADAV","SAMAJWADI PARTY",MAINPURI,595918,999265,0.5964
"(MAJ GEN (RETD.) ) BHUWAN CHANDRA KHANDURI (AVSM)","BHARATIYA JANATA PARTY",GARHWAL,405690,682024,0.5948
"CHAVDA VINOD LAKHAMASHI","BHARATIYA JANATA PARTY",KACHCHH,562855,946240,0.5948
"CHAUHAN DEVUSINH JESINGBHAI (CHAUHAN DEVUSINH)","BHARATIYA JANATA PARTY",KHEDA,568235,955906,0.5944
"ADHALRAO SHIVAJI DATTATREY",SHIVSENA,SHIRUR,643415,1089506,0.5906
"RODMAL NAGAR","BHARATIYA JANATA PARTY",RAJGARH,596727,1010724,0.5904
"(DR.) SANJEEV KUMAR BALYAN","BHARATIYA JANATA PARTY",MUZAFFARNAGAR,653391,1107434,0.5900
"DUSHYANT SINGH","BHARATIYA JANATA PARTY",JHALAWAR-BARAN,676102,1146364,0.5898
"KUNDARIYA MOHANBHAI KALYANJIBHAI","BHARATIYA JANATA PARTY",RAJKOT,621524,1057069,0.5880
"SHRIPAD YESSO NAIK","BHARATIYA JANATA PARTY","NORTH GOA",237903,406631,0.5851
"SANJAYKAKA PATIL","BHARATIYA JANATA PARTY",SANGLI,611563,1046659,0.5843
"DR. SUNIL BALIRAM GAIKWAD","BHARATIYA JANATA PARTY",LATUR,616509,1057156,0.5832
"MANOHAR UNTWAL","BHARATIYA JANATA PARTY",DEWAS,665646,1143968,0.5819
"BHAGAT SINGH KOSHYARI","BHARATIYA JANATA PARTY","NAINITAL-UDHAMSINGH NAGAR",636769,1101435,0.5781
"PATEL JAYSHREEBEN KANUBHAI","BHARATIYA JANATA PARTY",MAHESANA,580250,1004258,0.5778
"KRISHAN PAL","BHARATIYA JANATA PARTY",FARIDABAD,652516,1130726,0.5771
"MALA RAJYA LAXMI SHAH","BHARATIYA JANATA PARTY","TEHRI GARHWAL",446733,776214,0.5755
"ANIL SHIROLE","BHARATIYA JANATA PARTY",PUNE,569825,993274,0.5737
"CHAUDHARY HARIBHAI PARTHIBHAI","BHARATIYA JANATA PARTY",BANASKANTHA,507856,886634,0.5728
"LOKHANDE SADASHIV KISAN",SHIVSENA,SHIRDI,532936,932645,0.5714
"SUBHASH BAHERIA","BHARATIYA JANATA PARTY",BHILWARA,630317,1104090,0.5709
"SHANTA KUMAR","BHARATIYA JANATA PARTY",KANGRA,456163,799445,0.5706
"NANDKUMAR SINGH CHOUHAN (NANDU BHAIYA)","BHARATIYA JANATA PARTY",KHANDWA,717357,1257327,0.5705
"GANDHI DILIPKUMAR MANSUKHLAL","BHARATIYA JANATA PARTY",AHMADNAGAR,605185,1062318,0.5697
"ANANTH KUMAR","BHARATIYA JANATA PARTY","BANGALORE SOUTH",633816,1113726,0.5691
"DR.MURLI MANOHAR JOSHI","BHARATIYA JANATA PARTY",KANPUR,474712,835079,0.5685
"POONAMBEN HEMATBHAI MAADAM","BHARATIYA JANATA PARTY",JAMNAGAR,484412,852643,0.5681
"JASVANTSINH SUMANBHAI BHABHOR","BHARATIYA JANATA PARTY",DAHOD,511111,900381,0.5677
"POONAM MAHAJAN ALIAS POONAM VAJENDLA RAO","BHARATIYA JANATA PARTY","MUMBAI NORTH CENTRAL",478535,845292,0.5661
"VIJAY KUMAR SINGH","BHARATIYA JANATA PARTY",GHAZIABAD,758482,1342320,0.5651
"VICHARE RAJAN BABURAO",SHIVSENA,THANE,595364,1054189,0.5648
"NARENDRA MODI","BHARATIYA JANATA PARTY",VARANASI,581022,1030685,0.5637
"SUBHASH PATEL","BHARATIYA JANATA PARTY",KHARGONE,649354,1152525,0.5634
"RAKESH SINGH","BHARATIYA JANATA PARTY",JABALPUR,564609,1002184,0.5634
"KADIYAM SRIHARI","TELANGANA RASHTRA SAMITHI",WARANGAL,661639,1174631,0.5633
"PRAHALAD SINGH PATEL","BHARATIYA JANATA PARTY",DAMOH,513079,912080,0.5625
"SHOBHA KARANDLAJE","BHARATIYA JANATA PARTY","UDUPI CHIKMAGALUR",581168,1034108,0.5620
"FATEPARA DEVAJIBHAI GOVINDBHAI","BHARATIYA JANATA PARTY",SURENDRANAGAR,529003,944677,0.5600
"Y.S. AVINASH REDDY","YUVAJANA SRAMIKA RYTHU CONGRESS PARTY",KADAPA,671983,1200662,0.5597
"CHAVAN HARISHCHANDRA DEORAM","BHARATIYA JANATA PARTY",DINDORI,542784,970182,0.5595
"OM BIRLA","BHARATIYA JANATA PARTY",KOTA,644822,1154960,0.5583
"RAMESWAR TELI","BHARATIYA JANATA PARTY",DIBRUGARH,494364,890968,0.5549
"DR. BHAGIRATH PRASAD","BHARATIYA JANATA PARTY",BHIND,404474,729084,0.5548
"DANVE RAOSAHEB DADARAO","BHARATIYA JANATA PARTY",JALNA,591428,1066259,0.5547
"ARJUNLAL MEENA","BHARATIYA JANATA PARTY",UDAIPUR,660373,1193202,0.5534
"BALKA SUMAN","TELANGANA RASHTRA SAMITHI",PEDDAPALLE,565496,1022184,0.5532
"RAMSINH RATHWA","BHARATIYA JANATA PARTY","CHHOTA UDAIPUR",607916,1100542,0.5524
"RITA TARAI","BIJU JANATA DAL",JAJPUR,541349,980435,0.5522
"KALVAKUNTLA CHANDRASEKHAR RAO","TELANGANA RASHTRA SAMITHI",MEDAK,657492,1191096,0.5520
"DR. VIRENDRA KUMAR","BHARATIYA JANATA PARTY",TIKAMGARH,422979,766321,0.5520
"KULAMANI SAMAL","BIJU JANATA DAL",JAGATSINGHPUR,624492,1131932,0.5517
"SANWAR LAL JAT","BHARATIYA JANATA PARTY",AJMER,637874,1156314,0.5516
"SARBANANDA SONOWAL","BHARATIYA JANATA PARTY",LAKHIMPUR,612543,1111975,0.5509
"SHATRUGHANA SINHA","BHARATIYA JANATA PARTY","PATNA SAHIB",485905,882262,0.5507
"DR. K.C.PATEL","BHARATIYA JANATA PARTY",VALSAD,617772,1122203,0.5505
"VINAYAK BHAURAO RAUT",SHIVSENA,RATNAGIRI,493088,896256,0.5502
"APARUPA PODDAR (AFRIN ALI)","ALL INDIA TRINAMOOL CONGRESS",ARAMBAGH,748764,1361934,0.5498
"ANANTKUMAR HEGDE","BHARATIYA JANATA PARTY","UTTARA KANNADA",546939,1001038,0.5464
"MURALI MOHAN MAGANTI","TELUGU DESAM",RAJAHMUNDRY,630573,1154381,0.5462
"ABHISHEK SINGH","BHARATIYA JANATA PARTY",RAJNANDGAON,643473,1178296,0.5461
"DR. RAM SHANKAR KATHERIA","BHARATIYA JANATA PARTY",AGRA,583716,1070400,0.5453
"CHUDASAMA RAJESHBHAI NARANBHAI","BHARATIYA JANATA PARTY",JUNAGADH,513179,941378,0.5451
"CHAUHAN PRABHATSINH PRATAPSINH","BHARATIYA JANATA PARTY",PANCHMAHAL,508274,933461,0.5445
"SHARAD BANSODE","BHARATIYA JANATA PARTY",SOLAPUR,517879,951201,0.5444
"GAIKWAD RAVINDRA VISHWANATH",SHIVSENA,OSMANABAD,607699,1118151,0.5435
"NAGENDRA SINGH","BHARATIYA JANATA PARTY",KHAJURAHO,474966,874477,0.5431
"RAJ NATH SINGH","BHARATIYA JANATA PARTY",LUCKNOW,561106,1033783,0.5428
"DALPAT SINGH PARASTE","BHARATIYA JANATA PARTY",SHAHDOL,525419,968518,0.5425
"LILADHARBHAI KHODAJI VAGHELA","BHARATIYA JANATA PARTY",PATAN,518538,955799,0.5425
"GADKARI NITIN JAIRAM","BHARATIYA JANATA PARTY",NAGPUR,587767,1085058,0.5417
"LAXMI NARAYAN YADAV","BHARATIYA JANATA PARTY",SAGAR,482580,891929,0.5411
"KACHHADIYA NARANBHAI BHIKHABHAI","BHARATIYA JANATA PARTY",AMRELI,436715,808816,0.5399
"RAJU SHETTY","SWABHIMANI PAKSHA",HATKANANGLE,640428,1188871,0.5387
"DR. BHAMRE SUBHASH RAMRAO","BHARATIYA JANATA PARTY",DHULE,529450,983083,0.5386
"PATEL LALUBHAI BABUBHAI","BHARATIYA JANATA PARTY","DAMAN & DIU",46960,87233,0.5383
"BHARTRUHARI MAHATAB","BIJU JANATA DAL",CUTTACK,526085,978604,0.5376
"ADV. CHINTAMAN NAVASHA WANGA","BHARATIYA JANATA PARTY",PALGHAR,533201,992618,0.5372
"B. S. YEDDYURAPPA","BHARATIYA JANATA PARTY",SHIMOGA,606216,1129008,0.5369
"UMA SAREN","ALL INDIA TRINAMOOL CONGRESS",JHARGRAM,674504,1257613,0.5363
"ADHIKARI SUVENDU","ALL INDIA TRINAMOOL CONGRESS",TAMLUK,716928,1337684,0.5359
"SHRIMANT CHH. UDAYANRAJE PRATAPSINHA BHONSALE","NATIONALIST CONGRESS PARTY",SATARA,522531,976681,0.5350
"DR.SHRIKANT EKNATH SHINDE",SHIVSENA,KALYAN,440892,824196,0.5349
"MEHBOOBA MUFTI","JAMMU & KASHMIR PEOPLES DEMOCRATIC PARTY",ANANTNAG,200429,375279,0.5341
"DEVJI PATEL","BHARATIYA JANATA PARTY",JALORE,580508,1087272,0.5339
"HEMA MALINI","BHARATIYA JANATA PARTY",MATHURA,574633,1076868,0.5336
"NALIN KUMAR KATEEL","BHARATIYA JANATA PARTY","DAKSHINA KANNADA",642739,1207474,0.5323
"SUNDARAM P.R","ALL INDIA ANNA DRAVIDA MUNNETRA KAZHAGAM",NAMAKKAL,563272,1058755,0.5320
"VISHNU DEO SAI","BHARATIYA JANATA PARTY",RAIGARH,662478,1246186,0.5316
"MOHAMMAD ASRARUL HAQUE","INDIAN NATIONAL CONGRESS",KISHANGANJ,493461,928490,0.5315
"PARTHIPAN R.","ALL INDIA ANNA DRAVIDA MUNNETRA KAZHAGAM",THENI,571254,1075583,0.5311
"DR PANDULA RAVINDRA BABU","TELUGU DESAM",AMALAPURAM,594547,1120927,0.5304
"RAMDAS CHANDRABHANJI TADAS","BHARATIYA JANATA PARTY",WARDHA,537518,1013445,0.5304
"AJAY TAMTA","BHARATIYA JANATA PARTY",ALMORA,348186,656525,0.5303
"JANAK RAM","BHARATIYA JANATA PARTY","GOPALGANJ (SC)",478773,903583,0.5299
"PREM DAS RAI","SIKKIM DEMOCRATIC FRONT",SIKKIM,163698,308967,0.5298
"GADDIGOUDAR PARVTAGOUDA CHANDANAGOUDA","BHARATIYA JANATA PARTY",BAGALKOT,571548,1079310,0.5295
"D.V SADANANDA GOWDA","BHARATIYA JANATA PARTY","BANGALORE NORTH",718326,1356718,0.5295
"JYOTIRADITYA M SCINDIA","INDIAN NATIONAL CONGRESS",GUNA,517036,976629,0.5294
"ASADUDDIN OWAISI","ALL INDIA MAJLIS-E-ITTEHADUL MUSLIMEEN",HYDERABAD,513868,971421,0.5290
"RAMMOHAN NAIDU KINJARAPU","TELUGU DESAM",SRIKAKULAM,556163,1051446,0.5290
"GODSE HEMANT TUKARAM",SHIVSENA,NASHIK,494735,937405,0.5278
"BAIJAYANT PANDA","BIJU JANATA DAL",KENDRAPARA,601574,1140999,0.5272
"RAHUL KASWAN","BHARATIYA JANATA PARTY",CHURU,595756,1131104,0.5267
"SUKHBIR SINGH JAUNAPURIA","BHARATIYA JANATA PARTY","TONK-SAWAI MADHOPUR",548179,1043040,0.5256
"KESHAV PRASAD MAURYA","BHARATIYA JANATA PARTY",PHULPUR,503564,960341,0.5244
"ADHIKARI SISIR KUMAR","ALL INDIA TRINAMOOL CONGRESS",KANTHI,676749,1290811,0.5243
"PRALHAD JOSHI","BHARATIYA JANATA PARTY",DHARWAD,545395,1041226,0.5238
NIHALCHAND,"BHARATIYA JANATA PARTY",GANGANAGAR,658130,1256806,0.5237
"RAMESH BAIS","BHARATIYA JANATA PARTY",RAIPUR,654922,1250845,0.5236
"VIRENDER KASHYAP","BHARATIYA JANATA PARTY",SHIMLA,385973,737757,0.5232
"PURNO AGITOK SANGMA","NATIONAL PEOPLES PARTY",TURA,239301,458071,0.5224
"ASHOK MAHADEORAO NETE","BHARATIYA JANATA PARTY",GADCHIROLI-CHIMUR,535982,1027129,0.5218
"MANEKA SANJAY GANDHI","BHARATIYA JANATA PARTY",PILIBHIT,546934,1050547,0.5206
"JADHAV PRATAPRAO GANPATRAO",SHIVSENA,BULDHANA,509145,978626,0.5203
"P.V.MIDHUN REDDY","YUVAJANA SRAMIKA RYTHU CONGRESS PARTY",RAJAMPET,601752,1158317,0.5195
"GAJANAN CHANDRAKANT KIRTIKAR",SHIVSENA,"MUMBAI NORTH WEST",464820,895517,0.5191
"DR.GAVIT HEENA VAIJAYKUMAR","BHARATIYA JANATA PARTY",NANDURBAR,579486,1116676,0.5189
"MAGANTI VENKATESWARA RAO (BABU)","TELUGU DESAM",ELURU,623471,1201696,0.5188
"RAJESH KUMAR DIWAKER","BHARATIYA JANATA PARTY",HATHRAS,544277,1049273,0.5187
"SAVITRI THAKUR","BHARATIYA JANATA PARTY",DHAR,558387,1076816,0.5186
"P.C. MOHAN","BHARATIYA JANATA PARTY","BANGALORE CENTRAL",557130,1074589,0.5185
"NABA KUMAR SARANIA (HIRA)",INDEPENDENT,KOKRAJHAR,634428,1223869,0.5184
ADITYANATH,"BHARATIYA JANATA PARTY",GORAKHPUR,539127,1040199,0.5183
"VASAVA MANSUKHBHAI DHANJIBHAI","BHARATIYA JANATA PARTY",BHARUCH,548902,1060211,0.5177
"THAMBIDURAI M.","ALL INDIA ANNA DRAVIDA MUNNETRA KAZHAGAM",KARUR,540722,1046534,0.5167
"S.P.Y REDDY","YUVAJANA SRAMIKA RYTHU CONGRESS PARTY",NANDYAL,622411,1204956,0.5165
"VASAVA PARBHUBHAI NAGARBHAI","BHARATIYA JANATA PARTY",BARDOLI,622769,1206179,0.5163
"MUNDE GOPINATHRAO PANDURANG","BHARATIYA JANATA PARTY",BEED,635995,1232202,0.5161
"LAKHAN LAL SAHU","BHARATIYA JANATA PARTY",BILASPUR,561387,1090457,0.5148
"KONAKALLA NARAYANA RAO","TELUGU DESAM",MACHILIPATNAM,587280,1141065,0.5147
"ANGADI SURESH CHANNABASAPPA","BHARATIYA JANATA PARTY",BELGAUM,554417,1078547,0.5140
"KRISTAPPA NIMMALA","TELUGU DESAM",HINDUPUR,604291,1177257,0.5133
"E. AHAMED","INDIAN UNION MUSLIM LEAGUE",MALAPPURAM,437723,853467,0.5129
"RAJVEER SINGH (RAJU BHAIYA)","BHARATIYA JANATA PARTY",ETAH,474978,926281,0.5128
"KALRAJ MISHRA","BHARATIYA JANATA PARTY",DEORIA,496500,971557,0.5110
"B. SREERAMULU","BHARATIYA JANATA PARTY",BELLARY,534406,1045772,0.5110
"JOSE K. MANI","KERALA CONGRESS (M)",KOTTAYAM,424194,831636,0.5101
"SANTOSH KUMAR GANGWAR","BHARATIYA JANATA PARTY",BAREILLY,518258,1017891,0.5091
"MALLIKARJUN KHARGE","INDIAN NATIONAL CONGRESS",GULBARGA,507193,997638,0.5084
"UDASI SHIVAKUMAR CHANNABASAPPA","BHARATIYA JANATA PARTY",HAVERI,566790,1115968,0.5079
"NANABHAU FALGUNRAO PATOLE","BHARATIYA JANATA PARTY",BHANDARA,606129,1197196,0.5063
"BIJOYA CHAKRAVARTY","BHARATIYA JANATA PARTY",GAUHATI,764985,1511729,0.5060
"TARIQ HAMEED KARRA","JAMMU & KASHMIR PEOPLES DEMOCRATIC PARTY",SRINAGAR,157923,312212,0.5058
"HUKUM SINGH","BHARATIYA JANATA PARTY",KAIRANA,565909,1119324,0.5056
"DILIP PATEL","BHARATIYA JANATA PARTY",ANAND,490829,970894,0.5055
"ADHIR RANJAN CHOWDHURY","INDIAN NATIONAL CONGRESS",BAHARAMPUR,583549,1154587,0.5054
"KAMAL NATH","INDIAN NATIONAL CONGRESS",CHHINDWARA,559755,1107498,0.5054
"RATHOD DIPSINH SHANKARSINH","BHARATIYA JANATA PARTY",SABARKANTHA,552205,1094002,0.5048
"KIREN RIJIJU","BHARATIYA JANATA PARTY","ARUNACHAL WEST",169367,335665,0.5046
"DILEEPSINGH BHURIA","BHARATIYA JANATA PARTY",RATLAM,545970,1082681,0.5043
PARASURAMAN.K,"ALL INDIA ANNA DRAVIDA MUNNETRA KAZHAGAM",THANJAVUR,510307,1012258,0.5041
"RAMESH POKHRIYAL NISHANK","BHARATIYA JANATA PARTY",HARDWAR,592320,1175692,0.5038
"RAMVILAS PASWAN","LOK JAN SHAKTI PARTY","HAJIPUR (SC)",455652,904753,0.5036
"PINAKI MISRA","BIJU JANATA DAL",PURI,523161,1039389,0.5033
"J.C. DIVAKAR REDDI","TELUGU DESAM",ANANTAPUR,606509,1205054,0.5033
"RATTAN LAL KATARIA","BHARATIYA JANATA PARTY",AMBALA,612121,1218995,0.5022
"HEMENDRA CHANDRA SINGH","BIJU JANATA DAL",KANDHAMAL,421458,839415,0.5021
"ADHIKARI DEEPAK (DEV)","ALL INDIA TRINAMOOL CONGRESS",GHATAL,685696,1366709,0.5017
"R. DHRUVANARAYANA","INDIAN NATIONAL CONGRESS",CHAMARAJANAGAR,567782,1133029,0.5011
"DINESH KASHYAP","BHARATIYA JANATA PARTY",BASTAR,385829,769913,0.5011
"MOHAMMED FAIZAL P.P.","NATIONALIST CONGRESS PARTY",LAKSHADWEEP,21665,43239,0.5011
VENUGOPAL.P.(DR),"ALL INDIA ANNA DRAVIDA MUNNETRA KAZHAGAM",THIRUVALLUR,628499,1254440,0.5010
"BHARATHI MOHAN R.K","ALL INDIA ANNA DRAVIDA MUNNETRA KAZHAGAM",MAYILADUTHURAI,513729,1025538,0.5009
"DR.MAHESH SHARMA","BHARATIYA JANATA PARTY","GAUTAM BUDDHA NAGAR",599702,1199238,0.5001
"RAM SWAROOP SHARMA","BHARATIYA JANATA PARTY",MANDI,362824,726094,0.4997
"ASHWINI KUMAR","BHARATIYA JANATA PARTY",KARNAL,594817,1193500,0.4984
"JADHAV SANJAY (BANDU) HARIBHAU",SHIVSENA,PARBHANI,578455,1162233,0.4977
"GOPALAKRISHNAN C.","ALL INDIA ANNA DRAVIDA MUNNETRA KAZHAGAM",NILGIRIS,463700,933076,0.4970
"JAYADEV GALLA","TELUGU DESAM",GUNTUR,618417,1244926,0.4968
"NARAMALLI SIVAPRASAD","TELUGU DESAM",CHITTOOR,594862,1198915,0.4962
"GOKARAJU GANGA RAJU","BHARATIYA JANATA PARTY",NARSAPURAM,540306,1088951,0.4962
"CHOUDHURY MOHAN JATUA","ALL INDIA TRINAMOOL CONGRESS",MATHURAPUR,627761,1265531,0.4960
"KESINENI SRINIVAS","TELUGU DESAM",VIJAYAWADA,592696,1195075,0.4959
"RAHUL RAMESH SHEWALE",SHIVSENA,"MUMBAI SOUTH CENTRAL",381275,769060,0.4958
"DEVENDRA SINGH @ BHOLE SINGH","BHARATIYA JANATA PARTY",AKBARPUR,481584,971375,0.4958
"MUTTAMSETTI SRINIVASA RAO (AVANTHI)","TELUGU DESAM",ANAKAPALLI,568463,1148072,0.4951
"KRUPAL BALAJI TUMANE",SHIVSENA,RAMTEK,519892,1050316,0.4950
"AJAY NISHAD","BHARATIYA JANATA PARTY",MUZAFFARPUR,469295,948887,0.4946
"JUGAL KISHORE","BHARATIYA JANATA PARTY",JAMMU,619995,1253593,0.4946
"BHANU PRATAP SINGH VERMA","BHARATIYA JANATA PARTY",JALAUN,548631,1109166,0.4946
"SAMBASIVA RAO RAYAPATI","TELUGU DESAM",NARASARAOPET,632464,1282058,0.4933
"MANSHANKAR NINAMA","BHARATIYA JANATA PARTY",BANSWARA,577433,1171188,0.4930
"KAMALBHAN SINGH MARABI","BHARATIYA JANATA PARTY",SARGUJA,585336,1187321,0.4930
"PRASANNA KUMAR PATASANI","BIJU JANATA DAL",BHUBANESWAR,439252,891822,0.4925
"KAMAKHYA PRASAD TASA","BHARATIYA JANATA PARTY",JORHAT,456420,931336,0.4901
ARUNMOZHITHEVAN.A,"ALL INDIA ANNA DRAVIDA MUNNETRA KAZHAGAM",CUDDALORE,481429,984538,0.4890
"SUPRIYA SULE","NATIONALIST CONGRESS PARTY",BARAMATI,521562,1066556,0.4890
"PATEL NATUBHAI GOMANBHAI","BHARATIYA JANATA PARTY","DADAR & NAGAR HAVELI",80790,165286,0.4888
"Y.V.SUBBA REDDY","YUVAJANA SRAMIKA RYTHU CONGRESS PARTY",ONGOLE,589960,1208225,0.4883
"INDERJIT SINGH RAO","BHARATIYA JANATA PARTY",GURGAON,644780,1320619,0.4882
"RAMESH JIGAJINAGI","BHARATIYA JANATA PARTY",BIJAPUR,471757,966757,0.4880
"MALYADRI SRIRAM","TELUGU DESAM",BAPATLA,578145,1184634,0.4880
"VISHNU DAYAL RAM","BHARATIYA JANATA PARTY",PALAMAU,476513,977323,0.4876
"KAMBHAMPATI HARI BABU","BHARATIYA JANATA PARTY",VISAKHAPATNAM,566832,1163558,0.4872
"RADHA MOHAN SINGH","BHARATIYA JANATA PARTY","PURVI CHAMPARAN",400452,822671,0.4868
"ASHOK SHANKARRAO CHAVAN","INDIAN NATIONAL CONGRESS",NANDED,493075,1013350,0.4866
"C. L. RUALA","INDIAN NATIONAL CONGRESS",MIZORAM,210485,433201,0.4859
"MEKAPATI RAJAMOHAN REDDY","YUVAJANA SRAMIKA RYTHU CONGRESS PARTY",NELLORE,576396,1187648,0.4853
"SANTOSH AHLAWAT","BHARATIYA JANATA PARTY",JHUNJHUNU,488182,1006465,0.4850
"BHAGWANT MANN","AAM AADMI PARTY",SANGRUR,533237,1099467,0.4850
"DHARMENDRA YADAV","SAMAJWADI PARTY",BADAUN,498378,1027594,0.4850
"ADV. NARENDRA KESHAV SAWAIKAR","BHARATIYA JANATA PARTY","SOUTH GOA",198776,410369,0.4844
"AKSHAY YADAV","SAMAJWADI PARTY",FIROZABAD,534583,1104606,0.4840
PANNERSELVAM.V,"ALL INDIA ANNA DRAVIDA MUNNETRA KAZHAGAM",SALEM,556546,1150296,0.4838
"SATISH KUMAR","BHARATIYA JANATA PARTY",ALIGARH,514622,1064357,0.4835
"KAMLA PATLE","BHARATIYA JANATA PARTY",JANJGIR-CHAMPA,518909,1073347,0.4834
"ANUPAM HAZRA","ALL INDIA TRINAMOOL CONGRESS",BOLPUR,630693,1304756,0.4834
"KARADI SANGANNA AMARAPPA","BHARATIYA JANATA PARTY",KOPPAL,486383,1006508,0.4832
"PARVESH SAHIB SINGH VERMA","BHARATIYA JANATA PARTY","WEST DELHI",651395,1347971,0.4832
"KANWAR SINGH TANWAR","BHARATIYA JANATA PARTY",AMROHA,528880,1095860,0.4826
"DHANANJAY BHIMRAO MAHADIK","NATIONALIST CONGRESS PARTY",KOLHAPUR,607665,1260289,0.4822
"KAMARAJ. K","ALL INDIA ANNA DRAVIDA MUNNETRA KAZHAGAM",KALLAKURICHI,533383,1107241,0.4817
"SULTAN AHMED","ALL INDIA TRINAMOOL CONGRESS",ULUBERIA,570785,1186027,0.4813
"LALLU SINGH","BHARATIYA JANATA PARTY",FAIZABAD,491761,1022716,0.4808
"RITI PATHAK","BHARATIYA JANATA PARTY",SIDHI,475678,989396,0.4808
"FAGGAN SINGH KULASTE","BHARATIYA JANATA PARTY",MANDLA,585720,1218518,0.4807
"ARVIND SAWANT",SHIVSENA,"MUMBAI SOUTH",374780,780715,0.4800
"CAPTAIN AMARINDER SINGH","INDIAN NATIONAL CONGRESS",AMRITSAR,482876,1007196,0.4794
"ASHOK GAJAPATHI RAJU PUSAPATI","TELUGU DESAM",VIZIANAGARAM,536549,1120316,0.4789
"RAJENDRA AGARWAL","BHARATIYA JANATA PARTY",MEERUT,532981,1113384,0.4787
"BHAGWANTH KHUBA","BHARATIYA JANATA PARTY",BIDAR,459290,959384,0.4787
"VARAPRASAD RAO VELAGAPALLI","YUVAJANA SRAMIKA RYTHU CONGRESS PARTY",TIRUPATI,580376,1213064,0.4784
"MAHEISH GIRRI","BHARATIYA JANATA PARTY","EAST DELHI",572202,1196336,0.4783
"BISHNU PADA RAY","BHARATIYA JANATA PARTY","ANDAMAN & NICOBAR ISLANDS",90969,190328,0.4780
"KAMLESH PASWAN","BHARATIYA JANATA PARTY",BANSGAON,417959,877877,0.4761
"MANOJ RAJORIA","BHARATIYA JANATA PARTY",KARAULI-DHOLPUR,402407,845941,0.4757
"MAGUNTA SREENIVASULU REDDY","TELUGU DESAM",ONGOLE,574302,1208225,0.4753
"PASHUPATI NATH SINGH","BHARATIYA JANATA PARTY",DHANBAD,543491,1143902,0.4751
"ADALA PRABHAKARA REDDY","TELUGU DESAM",NELLORE,562918,1187648,0.4740
"ROBERT ROMAWIA ROYTE",INDEPENDENT,MIZORAM,204331,433201,0.4717
"UDHAYA KUMAR .M","ALL INDIA ANNA DRAVIDA MUNNETRA KAZHAGAM",DINDIGUL,510462,1083364,0.4712
"KAPIL MORESHWAR PATIL","BHARATIYA JANATA PARTY",BHIWANDI,411070,875605,0.4695
"DEEPENDER SINGH HOODA","INDIAN NATIONAL CONGRESS",ROHTAK,490063,1044331,0.4693
"VANAROJA R","ALL INDIA ANNA DRAVIDA MUNNETRA KAZHAGAM",TIRUVANNAMALAI,500751,1067447,0.4691
"SUMEDHANAND SARASWATI","BHARATIYA JANATA PARTY",SIKAR,499428,1065750,0.4686
"ASHOK KUMAR DOHAREY","BHARATIYA JANATA PARTY",ETAWAH,439646,939604,0.4679
"DR. JITENDRA SINGH","BHARATIYA JANATA PARTY",UDHAMPUR,487369,1041758,0.4678
"THOTA NARASIMHAM","TELUGU DESAM",KAKINADA,514402,1099999,0.4676
"MEENAKASHI LEKHI","BHARATIYA JANATA PARTY","NEW DELHI",453350,969812,0.4675
"RAHUL GANDHI","INDIAN NATIONAL CONGRESS",AMETHI,408651,874625,0.4672
"DHOTRE SANJAY SHAMRAO","BHARATIYA JANATA PARTY",AKOLA,456472,978491,0.4665
"ADV.JOICE GEORGE",INDEPENDENT,IDUKKI,382019,819766,0.4660
"AYODHYA RAMIREDDY ALLA","YUVAJANA SRAMIKA RYTHU CONGRESS PARTY",NARASARAOPET,597184,1282058,0.4658
"HAMDULLAH SAYEED","INDIAN NATIONAL CONGRESS",LAKSHADWEEP,20130,43239,0.4656
"G M SIDDESHWARA","BHARATIYA JANATA PARTY",DAVANAGERE,518894,1114868,0.4654
"ADSUL ANANDRAO VITHOBA",SHIVSENA,AMRAVATI,467212,1004061,0.4653
"KRISHNA RAJ","BHARATIYA JANATA PARTY",SHAHJAHANPUR,525132,1129841,0.4648
N.K.PREMACHANDRAN,"REVOLUTIONARY SOCIALIST PARTY",KOLLAM,408528,879056,0.4647
"ARJUN CHARAN SETHI","BIJU JANATA DAL",BHADRAK,502338,1081339,0.4646
"B.B. PATIL","TELANGANA RASHTRA SAMITHI",ZAHIRABAD,508661,1094806,0.4646
"UDIT RAJ","BHARATIYA JANATA PARTY","NORTH WEST DELHI",629860,1356036,0.4645
"CHALAMALASETTY SUNIL","YUVAJANA SRAMIKA RYTHU CONGRESS PARTY",KAKINADA,510971,1099999,0.4645
R.GOPALAKRISHNAN,"ALL INDIA ANNA DRAVIDA MUNNETRA KAZHAGAM",MADURAI,454167,978346,0.4642
KUMAR.P,"ALL INDIA ANNA DRAVIDA MUNNETRA KAZHAGAM",TIRUCHIRAPPALLI,458478,988250,0.4639
"K C VENUGOPAL","INDIAN NATIONAL CONGRESS",ALAPPUZHA,462525,997464,0.4637
"SENTHILNATHAN PR","ALL INDIA ANNA DRAVIDA MUNNETRA KAZHAGAM",SIVAGANGA,475993,1027036,0.4635
"SELVAKUMARA CHINNAYAN S","ALL INDIA ANNA DRAVIDA MUNNETRA KAZHAGAM",ERODE,466995,1008582,0.4630
"SADHVI SAVITRI BAI FOOLE","BHARATIYA JANATA PARTY",BAHRAICH,432392,934263,0.4628
"GAWALI BHAVANA PUNDLIKRAO",SHIVSENA,YAVATMAL-WASHIM,477905,1032949,0.4627
"VINOD KHANNA","BHARATIYA JANATA PARTY",GURDASPUR,482255,1042699,0.4625
"JANARDAN MISHRA","BHARATIYA JANATA PARTY",REWA,383320,830002,0.4618
"GOPAL. DR. K","ALL INDIA ANNA DRAVIDA MUNNETRA KAZHAGAM",NAGAPATTINAM,434174,942202,0.4608
"VARIKUTI AMRUTHAPANI","YUVAJANA SRAMIKA RYTHU CONGRESS PARTY",BAPATLA,545391,1184634,0.4604
"SANDHYA ROY","ALL INDIA TRINAMOOL CONGRESS",MEDINIPUR,579860,1260032,0.4602
"NIRANJAN JYOTI","BHARATIYA JANATA PARTY",FATEHPUR,485994,1056688,0.4599
G.SAMANYAKIRAN,"YUVAJANA SRAMIKA RYTHU CONGRESS PARTY",CHITTOOR,550724,1198915,0.4594
"KUNWAR BHARTENDRA","BHARATIYA JANATA PARTY",BIJNOR,486913,1060346,0.4592
"SUGATA BOSE","ALL INDIA TRINAMOOL CONGRESS",JADAVPUR,584244,1272362,0.4592
"RAVINDRA KUSHAWAHA","BHARATIYA JANATA PARTY",SALEMPUR,392213,854749,0.4589
V.ELUMALAI,"ALL INDIA ANNA DRAVIDA MUNNETRA KAZHAGAM",ARANI,502721,1096046,0.4587
B.V.NAYAK,"INDIAN NATIONAL CONGRESS",RAICHUR,443659,968889,0.4579
"AHIR HANSRAJ GANGARAM","BHARATIYA JANATA PARTY",CHANDRAPUR,508049,1109743,0.4578
"VIKRAM DEV USENDI","BHARATIYA JANATA PARTY",KANKER,465215,1016943,0.4575
"DR.A .SAMPATH","COMMUNIST PARTY OF INDIA (MARXIST)",ATTINGAL,392478,859350,0.4567
"RAM KUMAR SHARMA","RASHTRIYA LOK SAMTA PARTY",SITAMARHI,411265,900588,0.4567
"ARAKERA SHIVANAGOUDA NAYAK","BHARATIYA JANATA PARTY",RAICHUR,442160,968889,0.4564
"DINESH TRIVEDI","ALL INDIA TRINAMOOL CONGRESS",BARRACKPORE,479206,1051130,0.4559
"SANJAY SADASHIV MANDALIK",SHIVSENA,KOLHAPUR,574406,1260289,0.4558
"DR. THOKCHOM MEINYA","INDIAN NATIONAL CONGRESS","INNER MANIPUR",292102,640871,0.4558
"DR. RATNA DE (NAG)","ALL INDIA TRINAMOOL CONGRESS",HOOGHLY,614312,1348870,0.4554
"RAM PRASAD SARMAH","BHARATIYA JANATA PARTY",TEZPUR,446511,980688,0.4553
"KHAN SAUMITRA","ALL INDIA TRINAMOOL CONGRESS",BISHNUPUR,578870,1272070,0.4551
"KOTHAPALLI GEETHA","YUVAJANA SRAMIKA RYTHU CONGRESS PARTY",ARUKU,413191,909614,0.4542
"MOHITE PATIL VIJAYSINH SHANKARRAO","NATIONALIST CONGRESS PARTY",MADHA,489989,1079619,0.4539
"M B RAJESH","COMMUNIST PARTY OF INDIA (MARXIST)",PALAKKAD,412897,910322,0.4536
"TAMRADHWAJ SAHU","INDIAN NATIONAL CONGRESS",DURG,570687,1258342,0.4535
"GUDIVADA AMARNADH","YUVAJANA SRAMIKA RYTHU CONGRESS PARTY",ANAKAPALLI,520531,1148072,0.4534
"NINONG ERING","INDIAN NATIONAL CONGRESS","ARUNACHAL EAST",118455,261291,0.4533
"HARI G.","ALL INDIA ANNA DRAVIDA MUNNETRA KAZHAGAM",ARAKKONAM,493534,1089052,0.4532
"KODIKUNNIL SURESH","INDIAN NATIONAL CONGRESS",MAVELIKKARA,402432,889060,0.4526
"ANANTHA VENKATARAMIREDDY","YUVAJANA SRAMIKA RYTHU CONGRESS PARTY",ANANTAPUR,545240,1205054,0.4525
"MANOJ TIWARI","BHARATIYA JANATA PARTY","NORTH EAST DELHI",596125,1317338,0.4525
"RAJENDRAN S","ALL INDIA ANNA DRAVIDA MUNNETRA KAZHAGAM",VILUPPURAM,482704,1067641,0.4521
"RAMESH BIDHURI","BHARATIYA JANATA PARTY","SOUTH DELHI",497980,1102410,0.4517
"P K SREEMATHI TEACHER","COMMUNIST PARTY OF INDIA (MARXIST)",KANNUR,427622,947117,0.4515
"DELKAR MOHANBHAI SANJIBHAI","INDIAN NATIONAL CONGRESS","DADAR & NAGAR HAVELI",74576,165286,0.4512
"BASAVARAJ HITNAL","INDIAN NATIONAL CONGRESS",KOPPAL,453969,1006508,0.4510
"ASHOK KUMAR.K","ALL INDIA ANNA DRAVIDA MUNNETRA KAZHAGAM",KRISHNAGIRI,480491,1068391,0.4497
"S.S. MALLIKARJUN","INDIAN NATIONAL CONGRESS",DAVANAGERE,501287,1114868,0.4496
"VINOD KUMAR BOINAPALLY","TELANGANA RASHTRA SAMITHI",KARIMNAGAR,505783,1125691,0.4493
"RANJIT SINGH BRAHMPURA","SHIROMANI AKALI DAL","KHADOOR SAHIB",467332,1040518,0.4491
"MARUTHARAJAA R.P.","ALL INDIA ANNA DRAVIDA MUNNETRA KAZHAGAM",PERAMBALUR,462693,1030826,0.4489
"D K SURESH","INDIAN NATIONAL CONGRESS","BANGALORE RURAL",652723,1455244,0.4485
"KARUMANCHI JAYARAM","BHARATIYA JANATA PARTY",TIRUPATI,542951,1213064,0.4476
"VENKATESH BABU .T.G","ALL INDIA ANNA DRAVIDA MUNNETRA KAZHAGAM","CHENNAI NORTH",406704,910114,0.4469
"NARENDRA SINGH TOMAR","BHARATIYA JANATA PARTY",GWALIOR,442796,990912,0.4469
"DR. HARSH VARDHAN","BHARATIYA JANATA PARTY","CHANDNI CHOWK",437938,981863,0.4460
"CHANDU LAL SAHU (CHANDU BHAIYA)","BHARATIYA JANATA PARTY",MAHASAMUND,503514,1131209,0.4451
"PRATIBHA SINGH","INDIAN NATIONAL CONGRESS",MANDI,322968,726094,0.4448
"RAJEEV SHANKARRAO SATAV","INDIAN NATIONAL CONGRESS",HINGOLI,467397,1051164,0.4446
"K SUDHAKARAN","INDIAN NATIONAL CONGRESS",KANNUR,421056,947117,0.4446
"H.D. DEVEGOWDA","JANATA DAL (SECULAR)",HASSAN,509841,1147172,0.4444
"C B CHANDRABABU","COMMUNIST PARTY OF INDIA (MARXIST)",ALAPPUZHA,443118,997464,0.4442
P.K.BIJU,"COMMUNIST PARTY OF INDIA (MARXIST)",ALATHUR,411808,927228,0.4441
"AJIT JOGI","INDIAN NATIONAL CONGRESS",MAHASAMUND,502297,1131209,0.4440
"LAXMI R. HEBBALKAR","INDIAN NATIONAL CONGRESS",BELGAUM,478557,1078547,0.4437
"BUTTA RENUKA","YUVAJANA SRAMIKA RYTHU CONGRESS PARTY",KURNOOL,472782,1065732,0.4436
"KOLUSU PARTHA SARATHY","YUVAJANA SRAMIKA RYTHU CONGRESS PARTY",MACHILIPATNAM,506223,1141065,0.4436
LAKKHIRAM,"INDIAN NATIONAL CONGRESS",KARAULI-DHOLPUR,375191,845941,0.4435
"WANKHEDE SUBHASH BAPURAO",SHIVSENA,HINGOLI,465765,1051164,0.4431
"PRAKASH BABANNA HUKKERI","INDIAN NATIONAL CONGRESS",CHIKKODI,474373,1071103,0.4429
"MARAGATHAM K","ALL INDIA ANNA DRAVIDA MUNNETRA KAZHAGAM",KANCHEEPURAM,499395,1128399,0.4426
"BIDYUT BARAN MAHATO","BHARATIYA JANATA PARTY",JAMSHEDPUR,464153,1049140,0.4424
"RAMA DEVI","BHARATIYA JANATA PARTY",SHEOHAR,372506,842894,0.4419
"SHER SINGH GHUBAYA","SHIROMANI AKALI DAL",FIROZPUR,487932,1105412,0.4414
"GIRIRAJ SINGH","BHARATIYA JANATA PARTY",NAWADA,390248,884441,0.4412
"BALASHOWRY VALLABHANENI","YUVAJANA SRAMIKA RYTHU CONGRESS PARTY",GUNTUR,549306,1244926,0.4412
"TARIQ ANWAR","NATIONALIST CONGRESS PARTY",KATIHAR,431292,977830,0.4411
BABULAL,"BHARATIYA JANATA PARTY","FATEHPUR SIKRI",426589,967968,0.4407
"SOLANKI BHARATBHAI MADHAVSINH","INDIAN NATIONAL CONGRESS",ANAND,427403,970894,0.4402
"SAROJ PANDEY","BHARATIYA JANATA PARTY",DURG,553839,1258342,0.4401
"KATTI RAMESH VISHWANATH","BHARATIYA JANATA PARTY",CHIKKODI,471370,1071103,0.4401
C.S.PUTTARAJU,"JANATA DAL (SECULAR)",MANDYA,524370,1192638,0.4397
"SIDHANT MOHAPATRA","BIJU JANATA DAL",BERHAMPUR,398107,905362,0.4397
"ANOOP MISHRA","BHARATIYA JANATA PARTY",MORENA,375567,854279,0.4396
"RAM CHARITRA NISHAD","BHARATIYA JANATA PARTY",MACHHLISHAHR,438210,997902,0.4391
"DIMPLE YADAV","SAMAJWADI PARTY",KANNAUJ,489164,1114460,0.4389
"RAJ KUMAR SINGH","BHARATIYA JANATA PARTY",ARRAH,391074,893213,0.4378
"HARSIMRAT KAUR BADAL","SHIROMANI AKALI DAL",BATHINDA,514727,1176767,0.4374
"KULDEEP RAI SHARMA","INDIAN NATIONAL CONGRESS","ANDAMAN & NICOBAR ISLANDS",83157,190328,0.4369
"PROF. SADHU SINGH","AAM AADMI PARTY",FARIDKOT,450751,1032107,0.4367
"BANDARU DATTATREYA","BHARATIYA JANATA PARTY",SECUNDRABAD,438271,1003769,0.4366
"TAPAS MANDAL","ALL INDIA TRINAMOOL CONGRESS",RANAGHAT,590451,1353196,0.4363
"APPA ALIAS SHRIRANG CHANDU BARNE",SHIVSENA,MAVAL,512226,1174335,0.4362
"UMA BHARATI","BHARATIYA JANATA PARTY",JHANSI,575889,1320804,0.4360
"DARYL WILLIAM CH MOMIN","INDIAN NATIONAL CONGRESS",TURA,199585,458071,0.4357
"SUNIL KUMAR MONDAL","ALL INDIA TRINAMOOL CONGRESS","BARDHAMAN PURBA",574660,1320922,0.4350
"TATHAGATA SATPATHY","BIJU JANATA DAL",DHENKANAL,453277,1042101,0.4350
RAMYA,"INDIAN NATIONAL CONGRESS",MANDYA,518852,1192638,0.4350
"PRATHAP SIMHA","BHARATIYA JANATA PARTY",MYSORE,503908,1159594,0.4346
"E. T. MOHAMMED BASHEER","INDIAN UNION MUSLIM LEAGUE",PONNANI,378503,871592,0.4343
"DR. SANJAY JAISWAL","BHARATIYA JANATA PARTY","PASCHIM CHAMPARAN",371232,854800,0.4343
"MULLAPPALLY RAMACHANDRAN","INDIAN NATIONAL CONGRESS",VADAKARA,416479,959342,0.4341
"THOTA CHANDRA SEKHAR","YUVAJANA SRAMIKA RYTHU CONGRESS PARTY",ELURU,521545,1201696,0.4340
"PRASUN BANERJEE","ALL INDIA TRINAMOOL CONGRESS",HOWRAH,488461,1125399,0.4340
"REVUNAIK BELAMAGI","BHARATIYA JANATA PARTY",GULBARGA,432460,997638,0.4335
"KONERU RAJENDRA PRASAD","YUVAJANA SRAMIKA RYTHU CONGRESS PARTY",VIJAYAWADA,517834,1195075,0.4333
"ANUPRIYA SINGH PATEL","APNA DAL",MIRZAPUR,436536,1007627,0.4332
"BADRUDDIN AJMAL","ALL INDIA UNITED DEMOCRATIC FRONT",DHUBRI,592569,1369624,0.4327
"KETAN DAHYABHAI PATEL","INDIAN NATIONAL CONGRESS","DAMAN & DIU",37738,87233,0.4326
"CHHEDI PASWAN","BHARATIYA JANATA PARTY","SASARAM (SC)",366087,846788,0.4323
"SWAMI SACHCHIDANAND HARI SAKSHI","BHARATIYA JANATA PARTY",UNNAO,518834,1201603,0.4318
"BODHSINGH BHAGAT","BHARATIYA JANATA PARTY",BALAGHAT,480594,1113364,0.4317
ADV.A.N.SHAMSEER,"COMMUNIST PARTY OF INDIA (MARXIST)",VADAKARA,413173,959342,0.4307
"DUDDUKUNTA SREEDHAR REDDY","YUVAJANA SRAMIKA RYTHU CONGRESS PARTY",HINDUPUR,506966,1177257,0.4306
"SADABHAU RAMCHANDRA KHOT","SWABHIMANI PAKSHA",MADHA,464645,1079619,0.4304
"KUNWER SARVESH KUMAR","BHARATIYA JANATA PARTY",MORADABAD,485224,1127965,0.4302
"N.Y. HANUMANTAPPA","INDIAN NATIONAL CONGRESS",BELLARY,449262,1045772,0.4296
"SALEEM AHMED","INDIAN NATIONAL CONGRESS",HAVERI,479219,1115968,0.4294
"KAPIL KRISHNA THAKUR","ALL INDIA TRINAMOOL CONGRESS",BANGAON,551213,1283688,0.4294
"UPENDRA KUSHWAHA","RASHTRIYA LOK SAMTA PARTY",KARAKAT,338892,789927,0.4290
N.MD.FAROOK,"TELUGU DESAM",NANDYAL,516645,1204956,0.4288
"DUSHYANT CHAUTALA","INDIAN NATIONAL LOK DAL",HISAR,494478,1155914,0.4278
"SHANKERSINH VAGHELA BAPU","INDIAN NATIONAL CONGRESS",SABARKANTHA,467750,1094002,0.4276
S.S.AHLUWALIA,"BHARATIYA JANATA PARTY",DARJEELING,488257,1142009,0.4275
"RAM TAHAL CHOUDHARY","BHARATIYA JANATA PARTY",RANCHI,448729,1049783,0.4274
CHHOTELAL,"BHARATIYA JANATA PARTY",ROBERTSGANJ,378211,885873,0.4269
"SAUGATA ROY","ALL INDIA TRINAMOOL CONGRESS","DUM DUM",483244,1132644,0.4267
B.N.CHANDRAPPA,"INDIAN NATIONAL CONGRESS",CHITRADURGA,467511,1096499,0.4264
"PRIYANKA SINGH RAWAT","BHARATIYA JANATA PARTY",BARABANKI,454214,1068168,0.4252
"FEROZE VARUN GANDHI","BHARATIYA JANATA PARTY",SULTANPUR,410348,964981,0.4252
"ANBUMANI RAMADOSS","PATTALI MAKKAL KATCHI",DHARMAPURI,468194,1101345,0.4251
"KALVAKUNTLA KAVITHA","TELANGANA RASHTRA SAMITHI",NIZAMABAD,439307,1033924,0.4249
"RAMACHANDRAN K.N. THIRU","ALL INDIA ANNA DRAVIDA MUNNETRA KAZHAGAM",SRIPERUMBUDUR,545820,1286647,0.4242
"MAHADEV JAGANNATH JANKAR","RASHTRIYA SAMAJ PAKSHA",BARAMATI,451843,1066556,0.4236
"GAVIT MANIKRAO HODLYA","INDIAN NATIONAL CONGRESS",NANDURBAR,472581,1116676,0.4232
"FOOLODEVI NETAM","INDIAN NATIONAL CONGRESS",KANKER,430057,1016943,0.4229
"C. N. JAYADEVAN","COMMUNIST PARTY OF INDIA",THRISSUR,389209,920505,0.4228
"PINIPE VISWARUPU","YUVAJANA SRAMIKA RYTHU CONGRESS PARTY",AMALAPURAM,473971,1120927,0.4228
"DR MAHENDRA NATH PANDEY","BHARATIYA JANATA PARTY",CHANDAULI,414135,980572,0.4223
"KHER KIRRON ANUPAM","BHARATIYA JANATA PARTY",CHANDIGARH,191362,453455,0.4220
"M.A. BABY","COMMUNIST PARTY OF INDIA (MARXIST)",KOLLAM,370879,879056,0.4219
"UMANG SINGHAR","INDIAN NATIONAL CONGRESS",DHAR,454059,1076816,0.4217
"DR. SATYA PAL SINGH","BHARATIYA JANATA PARTY",BAGHPAT,423475,1004263,0.4217
"AJAY KUMAR SARNAIK","INDIAN NATIONAL CONGRESS",BAGALKOT,454988,1079310,0.4216
"OM PRAKASH YADAV","BHARATIYA JANATA PARTY",SIWAN,372670,884021,0.4216
V.SATHYABAMA,"ALL INDIA ANNA DRAVIDA MUNNETRA KAZHAGAM",TIRUPPUR,442778,1050190,0.4216
"M .K RAGHAVAN","INDIAN NATIONAL CONGRESS",KOZHIKODE,397615,943009,0.4216
"SUBRAT PATHAK","BHARATIYA JANATA PARTY",KANNAUJ,469257,1114460,0.4211
"MANPREET SINGH BADAL S/O GURDAS SINGH","INDIAN NATIONAL CONGRESS",BATHINDA,495332,1176767,0.4209
"JAYANT SINHA","BHARATIYA JANATA PARTY",HAZARIBAGH,406931,967152,0.4208
"SUSHMITA DEV","INDIAN NATIONAL CONGRESS",SILCHAR,336451,799830,0.4207
"KUWAR HARIVANSH SINGH","APNA DAL",PRATAPGARH,375789,894456,0.4201
"MUKESH RAJPUT","BHARATIYA JANATA PARTY",FARRUKHABAD,406195,970677,0.4185
"TASLEEM UDDIN","RASHTRIYA JANATA DAL",ARARIA,407978,975811,0.4181
"VANKA RAVINDRANATH","YUVAJANA SRAMIKA RYTHU CONGRESS PARTY",NARSAPURAM,454955,1088951,0.4178
"HARI OM PANDEY","BHARATIYA JANATA PARTY","AMBEDKAR NAGAR",432104,1034404,0.4177
VASANTHI.M,"ALL INDIA ANNA DRAVIDA MUNNETRA KAZHAGAM",TENKASI,424586,1017938,0.4171
"PRATIMA MONDAL","ALL INDIA TRINAMOOL CONGRESS",JOYNAGAR,494746,1186052,0.4171
"DR. BANSHILAL MAHTO","BHARATIYA JANATA PARTY",KORBA,439002,1052720,0.4170
"ASHOK SINGH","INDIAN NATIONAL CONGRESS",GWALIOR,413097,990912,0.4169
"DR. MAMTAZ SANGHAMITA","ALL INDIA TRINAMOOL CONGRESS",BURDWAN,554521,1331242,0.4165
"HUKM DEO NARAYAN YADAV","BHARATIYA JANATA PARTY",MADHUBANI,358040,860453,0.4161
"PROF. K.V. THOMAS","INDIAN NATIONAL CONGRESS",ERNAKULAM,353841,850834,0.4159
"CHENGARA SURENDRAN","COMMUNIST PARTY OF INDIA",MAVELIKKARA,369695,889060,0.4158
"PRAKASH RATHOD","INDIAN NATIONAL CONGRESS",BIJAPUR,401938,966757,0.4158
"SUNIL KUMAR SINGH","BHARATIYA JANATA PARTY",CHATRA,295862,712971,0.4150
"RESHAM MALVIYA","INDIAN NATIONAL CONGRESS",BANSWARA,485517,1171188,0.4146
"VINAY KULKARNI","INDIAN NATIONAL CONGRESS",DHARWAD,431738,1041226,0.4146
"DR. KAKALI GHOSHDOSTIDAR","ALL INDIA TRINAMOOL CONGRESS",BARASAT,525387,1269331,0.4139
PRABAKARAN.K.R.P,"ALL INDIA ANNA DRAVIDA MUNNETRA KAZHAGAM",TIRUNELVELI,398139,962330,0.4137
"CHAUDHARI TUSHARBHAI AMARSINHBHAI","INDIAN NATIONAL CONGRESS",BARDOLI,498885,1206179,0.4136
"ANJU BALA","BHARATIYA JANATA PARTY",MISRIKH,412575,998314,0.4133
"JANARDHANA POOJARY","INDIAN NATIONAL CONGRESS","DAKSHINA KANNADA",499030,1207474,0.4133
"RABINDRA KUMAR JENA","BIJU JANATA DAL",BALASORE,433768,1049450,0.4133
"C R CHOUDHARY","BHARATIYA JANATA PARTY",NAGAUR,414791,1004019,0.4131
"CHARAN DAS MAHANT","INDIAN NATIONAL CONGRESS",KORBA,434737,1052720,0.4130
"SUNIL JAKHAR","INDIAN NATIONAL CONGRESS",FIROZPUR,456512,1105412,0.4130
"ANTO ANTONY","INDIAN NATIONAL CONGRESS",PATHANAMTHITTA,358842,869452,0.4127
"M I SHANAVAS","INDIAN NATIONAL CONGRESS",WAYANAD,377035,915006,0.4121
"GODAM NAGESH","TELANGANA RASHTRA SAMITHI",ADILABAD,430847,1045839,0.4120
MAHENDRAN.C,"ALL INDIA ANNA DRAVIDA MUNNETRA KAZHAGAM",POLLACHI,417092,1012667,0.4119
"DHARMENDRA KUMAR","BHARATIYA JANATA PARTY",AONLA,409907,995641,0.4117
"KIRTI VARDHAN SINGH","BHARATIYA JANATA PARTY",GONDA,359643,873732,0.4116
"SANTOSH KUMAR","JANATA DAL (UNITED)",PURNIA,418826,1017732,0.4115
"RAJIV PRATAP RUDY","BHARATIYA JANATA PARTY",SARAN,355120,863254,0.4114
"VIRENDRA SINGH","BHARATIYA JANATA PARTY",BHADOHI,403544,981552,0.4111
"GANESH SINGH","BHARATIYA JANATA PARTY",SATNA,375288,913444,0.4108
"Y.S VIJAYAMMA","YUVAJANA SRAMIKA RYTHU CONGRESS PARTY",VISAKHAPATNAM,476344,1163558,0.4094
"GHULAM NABI AZAD","INDIAN NATIONAL CONGRESS",UDHAMPUR,426393,1041758,0.4093
"RADHESHYAM BISWAS","ALL INDIA UNITED DEMOCRATIC FRONT",KARIMGANJ,362866,886920,0.4091
"MOHAN LAL BRAKTA","INDIAN NATIONAL CONGRESS",SHIMLA,301786,737757,0.4091
"S.R. VIJAYAKUMAR","ALL INDIA ANNA DRAVIDA MUNNETRA KAZHAGAM","CHENNAI CENTRAL",333296,814894,0.4090
"KAUSHAL KISHORE","BHARATIYA JANATA PARTY",MOHANLALGANJ,455274,1116588,0.4077
"REDDY SHANTHI","YUVAJANA SRAMIKA RYTHU CONGRESS PARTY",SRIKAKULAM,428591,1051446,0.4076
"ADAGOORU H VISHWANATH","INDIAN NATIONAL CONGRESS",MYSORE,472300,1159594,0.4073
"RAJESH VERMA","BHARATIYA JANATA PARTY",SITAPUR,417546,1026972,0.4066
"D. B. PATIL","BHARATIYA JANATA PARTY",NANDED,411620,1013350,0.4062
"PRASHANT R DESHPANDE","INDIAN NATIONAL CONGRESS","UTTARA KANNADA",406239,1001038,0.4058
"JAIBHANSINGH PAWAIYA","BHARATIYA JANATA PARTY",GUNA,396244,976629,0.4057
"GOVIND SINGH RAJPUT","INDIAN NATIONAL CONGRESS",SAGAR,361843,891929,0.4057
"ALEIXO REGINALDO LOURENCO","INDIAN NATIONAL CONGRESS","SOUTH GOA",166446,410369,0.4056
"AMRISHBHAI RASIKLAL PATEL","INDIAN NATIONAL CONGRESS",DHULE,398727,983083,0.4056
"TAPIR GAO","BHARATIYA JANATA PARTY","ARUNACHAL EAST",105977,261291,0.4056
"DR. J. JAYAVARDHAN","ALL INDIA ANNA DRAVIDA MUNNETRA KAZHAGAM","CHENNAI SOUTH",438404,1081163,0.4055
"ANWHAR RAAJHAA.A","ALL INDIA ANNA DRAVIDA MUNNETRA KAZHAGAM",RAMANATHAPURAM,405945,1001048,0.4055
INNOCENT,INDEPENDENT,CHALAKUDY,358440,884033,0.4055
"DHAS SURESH RAMCHANDRA","NATIONALIST CONGRESS PARTY",BEED,499541,1232202,0.4054
V.ABDURAHMAN,INDEPENDENT,PONNANI,353093,871592,0.4051
"BRIJ BHUSAN SHARAN SINGH","BHARATIYA JANATA PARTY",KAISERGANJ,381500,943357,0.4044
"ADV.DEAN KURIAKOSE","INDIAN NATIONAL CONGRESS",IDUKKI,331477,819766,0.4044
"SATISH CHANDRA DUBEY","BHARATIYA JANATA PARTY","VALMIKI NAGAR",364011,900114,0.4044
"KANTILAL BHURIA","INDIAN NATIONAL CONGRESS",RATLAM,437523,1082681,0.4041
"RAVINDRA KUMAR PANDEY","BHARATIYA JANATA PARTY",GIRIDIH,391913,969997,0.4040
SHEEBA,"INDIAN NATIONAL CONGRESS",ALATHUR,374496,927228,0.4039
A.VIJAYARAGHAVAN,"COMMUNIST PARTY OF INDIA (MARXIST)",KOZHIKODE,380732,943009,0.4037
"HARI MANJHI","BHARATIYA JANATA PARTY","GAYA (SC)",326230,809378,0.4031
"ABHISHEK BANERJEE","ALL INDIA TRINAMOOL CONGRESS","DIAMOND HARBOUR",508481,1261296,0.4031
"SACHIN PILOT","INDIAN NATIONAL CONGRESS",AJMER,465891,1156314,0.4029
"RADHAKRISHNAN T","ALL INDIA ANNA DRAVIDA MUNNETRA KAZHAGAM",VIRUDHUNAGAR,406694,1010930,0.4023
"B.T. NAIDU","TELUGU DESAM",KURNOOL,428651,1065732,0.4022
"RAJEN GOHAIN","BHARATIYA JANATA PARTY",NOWGONG,494146,1230074,0.4017
"AJAY SINGH RAHUL BHAIYYA","INDIAN NATIONAL CONGRESS",SATNA,366600,913444,0.4013
"BODDU VENKATARAMANA CHOWDARY","YUVAJANA SRAMIKA RYTHU CONGRESS PARTY",RAJAHMUNDRY,463139,1154381,0.4012
"SRINIVASA REDDY REDDEPPAGARI","TELUGU DESAM",KADAPA,481660,1200662,0.4012
"ANANT GEETE",SHIVSENA,RAIGAD,396178,987766,0.4011
"COL. SONA RAM","BHARATIYA JANATA PARTY",BARMER,488747,1219119,0.4009
"SAKUNTALA LAGURI","BIJU JANATA DAL",KEONJHAR,434471,1083869,0.4009
"PUNJABHAI BHIMABHAI VANSH","INDIAN NATIONAL CONGRESS",JUNAGADH,377347,941378,0.4008
"KULDEEP BISHNOI","HARYANA JANHIT CONGRESS (BL)",HISAR,462631,1155914,0.4002
"CHOUDHARY CHANDRABHAN KUBER SINGH","BHARATIYA JANATA PARTY",CHHINDWARA,443218,1107498,0.4002
"JHINA HIKAKA","BIJU JANATA DAL",KORAPUT,395109,989444,0.3993
"JEYASINGH THIYAGARAJ NATTERJEE.J","ALL INDIA ANNA DRAVIDA MUNNETRA KAZHAGAM",THOOTHUKKUDI,366052,916778,0.3993
"KALYAN BANERJEE","ALL INDIA TRINAMOOL CONGRESS",SRERAMPUR,514933,1290433,0.3990
"TATKARE SUNIL DATTATREY","NATIONALIST CONGRESS PARTY",RAIGAD,394068,987766,0.3989
"VIJAY KUMAR HANSDAK","JHARKHAND MUKTI MORCHA",RAJMAHAL,379507,951563,0.3988
"BHAIRON PRASAD MISHRA","BHARATIYA JANATA PARTY",BANDA,342066,858326,0.3985
"DR. ARUN KUMAR","RASHTRIYA LOK SAMTA PARTY",JAHANABAD,322647,811516,0.3976
"RATHOD BHAVSINHBHAI DAHYABHAI","INDIAN NATIONAL CONGRESS",PATAN,379819,955799,0.3974
"BHOLA SINGH","BHARATIYA JANATA PARTY",BEGUSARAI,428227,1077855,0.3973
"GUTHA SUKHENDER REDDY","INDIAN NATIONAL CONGRESS",NALGONDA,472093,1189399,0.3969
"RAGHAV LAKHANPAL","BHARATIYA JANATA PARTY",SAHARANPUR,472999,1194308,0.3960
"CHARANJEET SINGH RORI","INDIAN NATIONAL LOK DAL",SIRSA,506370,1279105,0.3959
"MOHAMMED AZHARUDDIN","INDIAN NATIONAL CONGRESS","TONK-SAWAI MADHOPUR",412868,1043040,0.3958
"P KARUNAKARAN","COMMUNIST PARTY OF INDIA (MARXIST)",KASARAGOD,384964,974215,0.3952
"RENUKA SINHA","ALL INDIA TRINAMOOL CONGRESS","COOCH BEHAR",526499,1332409,0.3951
"TEK NATH DHAKAL","SIKKIM KRANTIKARI MORCHA",SIKKIM,121956,308967,0.3947
"CHANDRAKASI M","ALL INDIA ANNA DRAVIDA MUNNETRA KAZHAGAM",CHIDAMBARAM,429536,1088423,0.3946
"RAMEN DEKA","BHARATIYA JANATA PARTY",MANGALDOI,486357,1233237,0.3944
"SENGUTTUVAN B.","ALL INDIA ANNA DRAVIDA MUNNETRA KAZHAGAM",VELLORE,383719,974770,0.3937
"DHARAMBIR S/O BHALE RAM","BHARATIYA JANATA PARTY",BHIWANI-MAHENDRAGARH,404542,1030431,0.3926
"BIREN SINGH ENGTI","INDIAN NATIONAL CONGRESS","AUTONOMOUS DISTRICT",213152,543280,0.3923
"ABDUL BARI SIDDIQUI","RASHTRIYA JANATA DAL",MADHUBANI,337505,860453,0.3922
"RAM KRIPAL YADAV","BHARATIYA JANATA PARTY",PATALIPUTRA,383262,978649,0.3916
"SREEMATI DEV VARMA (MOON MOON SEN)","ALL INDIA TRINAMOOL CONGRESS",BANKURA,483455,1236319,0.3910
"RIZWAN ARSHAD","INDIAN NATIONAL CONGRESS","BANGALORE CENTRAL",419630,1074589,0.3905
"YASHWANT SINGH","BHARATIYA JANATA PARTY",NAGINA,367825,942196,0.3904
MUDDAHANUMEGOWDA.S.P.,"INDIAN NATIONAL CONGRESS",TUMKUR,429868,1101484,0.3903
"OMKAR SINGH MARKAM","INDIAN NATIONAL CONGRESS",MANDLA,475251,1218518,0.3900
"P C CHACKO","INDIAN NATIONAL CONGRESS",CHALAKUDY,344556,884033,0.3898
"RAJESH PANDEY URF GUDDU","BHARATIYA JANATA PARTY","KUSHI NAGAR",370051,950445,0.3893
"SATHYAN MOKERI","COMMUNIST PARTY OF INDIA",WAYANAD,356165,915006,0.3892
"AWADE KALLAPPA BABURAO","INDIAN NATIONAL CONGRESS",HATKANANGLE,462618,1188871,0.3891
"NARANBHAI JEMALABHAI RATHVA","INDIAN NATIONAL CONGRESS","CHHOTA UDAIPUR",428187,1100542,0.3891
"DR. MRIGANKA MAHATO","ALL INDIA TRINAMOOL CONGRESS",PURULIA,468277,1204675,0.3887
"BHAMBALE VIJAY MANIKRAO","NATIONALIST CONGRESS PARTY",PARBHANI,451300,1162233,0.3883
"ADV. T SIDDIQUE","INDIAN NATIONAL CONGRESS",KASARAGOD,378043,974215,0.3880
"KALIKESH NARAYAN SINGH DEO","BIJU JANATA DAL",BOLANGIR,453519,1170405,0.3875
"SHINDE SUSHILKUMAR SAMBHAJIRAO","INDIAN NATIONAL CONGRESS",SOLAPUR,368205,951201,0.3871
"RINKU NASKAR","COMMUNIST PARTY OF INDIA (MARXIST)",MATHURAPUR,489325,1265531,0.3867
"IDRIS ALI","ALL INDIA TRINAMOOL CONGRESS",BASIRHAT,492326,1273771,0.3865
"SATYA NARAYAN SHARMA (SATTU BHAIYA)","INDIAN NATIONAL CONGRESS",RAIPUR,483276,1250845,0.3864
"K JAYAPRAKASH HEGDE","INDIAN NATIONAL CONGRESS","UDUPI CHIKMAGALUR",399525,1034108,0.3863
"VEENA DEVI","LOK JAN SHAKTI PARTY",MUNGER,352911,914350,0.3860
"RAKHI BIRLA","AAM AADMI PARTY","NORTH WEST DELHI",523058,1356036,0.3857
"ARPITA GHOSH","ALL INDIA TRINAMOOL CONGRESS",BALURGHAT,409641,1063053,0.3853
"PRADEEP TAMTA","INDIAN NATIONAL CONGRESS",ALMORA,252496,656525,0.3846
"IJYARAJ SINGH","INDIAN NATIONAL CONGRESS",KOTA,444040,1154960,0.3845
"RAJA A.","DRAVIDA MUNNETRA KAZHAGAM",NILGIRIS,358760,933076,0.3845
"THANGSO BAITE","INDIAN NATIONAL CONGRESS","OUTER MANIPUR",296770,771766,0.3845
"VENKATA SWETHA CHALAPATHI KUMARA KRISHNA RANGARAO RAVU","YUVAJANA SRAMIKA RYTHU CONGRESS PARTY",VIZIANAGARAM,429638,1120316,0.3835
"NILESH NARAYAN RANE","INDIAN NATIONAL CONGRESS",RATNAGIRI,343037,896256,0.3827
"N. DHARAM SINGH","INDIAN NATIONAL CONGRESS",BIDAR,367068,959384,0.3826
"BHARAT SINGH","BHARATIYA JANATA PARTY",BALLIA,359758,942211,0.3818
"PATEL PRAFUL MANOHARBHAI","NATIONALIST CONGRESS PARTY",BHANDARA,456875,1197196,0.3816
"K. P. DHANAPALAN","INDIAN NATIONAL CONGRESS",THRISSUR,350982,920505,0.3813
"LAXMAN GILUWA","BHARATIYA JANATA PARTY",SINGHBHUM,303131,795286,0.3812
"PROF. S.P. SINGH BAGHEL","BHARATIYA JANATA PARTY",FIROZABAD,420524,1104606,0.3807
"KIRTI AZAD","BHARATIYA JANATA PARTY",DARBHANGA,314949,828342,0.3802
"TAKAM SANJOY","INDIAN NATIONAL CONGRESS","ARUNACHAL WEST",127629,335665,0.3802
"BIJOY KRISHNA HANDIQUE","INDIAN NATIONAL CONGRESS",JORHAT,354000,931336,0.3801
"BIJOY CHANDRA BARMAN","ALL INDIA TRINAMOOL CONGRESS",JALPAIGURI,494773,1302117,0.3800
"GOURAV GOGOI","INDIAN NATIONAL CONGRESS",KALIABOR,443315,1166490,0.3800
"GIRIDHAR GAMANG","INDIAN NATIONAL CONGRESS",KORAPUT,375781,989444,0.3798
"YELLAIAH NANDI","INDIAN NATIONAL CONGRESS",NAGARKURNOOL,420075,1108968,0.3788
"SHAILESH KUMAR URPH BULO MANDAL","RASHTRIYA JANATA DAL",BHAGALPUR,367623,974016,0.3774
"ARUN JAITLEY","BHARATIYA JANATA PARTY",AMRITSAR,380106,1007196,0.3774
"KABINDRA PURKAYASTHA","BHARATIYA JANATA PARTY",SILCHAR,301210,799830,0.3766
"A. R. KRISHNA MURTHY","BHARATIYA JANATA PARTY",CHAMARAJANAGAR,426600,1133029,0.3765
"RADHAKRISHNAN P.","BHARATIYA JANATA PARTY",KANNIYAKUMARI,372906,990742,0.3764
"MUZAFFAR HUSSAIN BAIG","JAMMU & KASHMIR PEOPLES DEMOCRATIC PARTY",BARAMULLA,175277,465992,0.3761
"ADV.BINDHU KRISHNA","INDIAN NATIONAL CONGRESS",ATTINGAL,323100,859350,0.3760
"KIRIP CHALIHA","INDIAN NATIONAL CONGRESS",MANGALDOI,463473,1233237,0.3758
"DR. NEPAL SINGH","BHARATIYA JANATA PARTY",RAMPUR,358616,956389,0.3750
"RAMA CHANDRA HANSDAH","BIJU JANATA DAL",MAYURBHANJ,393779,1053399,0.3738
"PATEL JAYESHBHAI AMBALALBHAI (JAYESH KAKA)","INDIAN NATIONAL CONGRESS",BHARUCH,395629,1060211,0.3732
"RAJEEV APPASAHEB RAJALE","NATIONALIST CONGRESS PARTY",AHMADNAGAR,396063,1062318,0.3728
"SHIBU SOREN","JHARKHAND MUKTI MORCHA",DUMKA,335815,903060,0.3719
"ADV.SHIVAJIRAO SHIVARAMJI MOGHE","INDIAN NATIONAL CONGRESS",YAVATMAL-WASHIM,384089,1032949,0.3718
K.H.MUNIYAPPA,"INDIAN NATIONAL CONGRESS",KOLAR,418926,1127323,0.3716
"INDRAJEET KUMAR","INDIAN NATIONAL CONGRESS",SIDHI,367632,989396,0.3716
"ANSHUL VERMA","BHARATIYA JANATA PARTY",HARDOI,360501,972894,0.3705
"FAROOQ ABDULLAH","JAMMU & KASHMIR NATIONAL CONFERENCE",SRINAGAR,115643,312212,0.3704
"DR. BOORA NARSAIAH GOUD","TELANGANA RASHTRA SAMITHI",BHONGIR,448245,1211943,0.3699
"AJAY KUMAR","BHARATIYA JANATA PARTY",KHERI,398578,1077868,0.3698
"PATEL JIVABHAI AMBALAL","INDIAN NATIONAL CONGRESS",MAHESANA,371359,1004258,0.3698
"SUBRATA BAKSHI","ALL INDIA TRINAMOOL CONGRESS","KOLKATA DAKSHIN",431715,1167979,0.3696
"NITYANAND RAI","BHARATIYA JANATA PARTY",UJIARPUR,317352,858920,0.3695
"RAM DEV RAM","INDIAN NATIONAL CONGRESS",SARGUJA,438100,1187321,0.3690
"D. PURANDESWARI","BHARATIYA JANATA PARTY",RAJAMPET,426990,1158317,0.3686
"RAJ KUMAR SAINI","BHARATIYA JANATA PARTY",KURUKSHETRA,418112,1135892,0.3681
"CHIRAG KUMAR PASWAN","LOK JAN SHAKTI PARTY","JAMUI (SC)",285354,775639,0.3679
"SYED SHAHNAWAZ HUSSAIN","BHARATIYA JANATA PARTY",BHAGALPUR,358138,974016,0.3677
"BABUL SUPRIYA BARAL (BABUL SUPRIYO)","BHARATIYA JANATA PARTY",ASANSOL,419983,1142395,0.3676
"BHUPEN KUMAR BORAH","INDIAN NATIONAL CONGRESS",TEZPUR,360491,980688,0.3676
"NAGARAJAN P.","ALL INDIA ANNA DRAVIDA MUNNETRA KAZHAGAM",COIMBATORE,431717,1176620,0.3669
"BALABHADRA MAJHI","BIJU JANATA DAL",NABARANGPUR,373887,1022172,0.3658
"SANTOKH SINGH CHAUDHARY","INDIAN NATIONAL CONGRESS",JALANDHAR,380479,1040762,0.3656
"KARIA MUNDA","BHARATIYA JANATA PARTY",KHUNTI,269185,736955,0.3653
"HARINARAYAN RAJBHAR","BHARATIYA JANATA PARTY",GHOSI,379797,1039656,0.3653
"KISHANBHAI VESTABHAI PATEL","INDIAN NATIONAL CONGRESS",VALSAD,409768,1122203,0.3651
"ADV.MATHEW T. THOMAS","JANATA DAL (SECULAR)",KOTTAYAM,303595,831636,0.3651
"KRISHNA PRATAP 'K.P.'","BHARATIYA JANATA PARTY",JAUNPUR,367149,1007143,0.3645
"VINOD KUMAR SONKAR","BHARATIYA JANATA PARTY",KAUSHAMBI,331593,910038,0.3644
"SOSO LORHO","NAGA PEOPLES FRONT","OUTER MANIPUR",281133,771766,0.3643
"NAGENDRA KUMAR PRADHAN","BIJU JANATA DAL",SAMBALPUR,358618,984309,0.3643
"AMLABE NARAYAN SINGH","INDIAN NATIONAL CONGRESS",RAJGARH,367990,1010724,0.3641
"ARUN SUBHASH CHANDRA YADAV","INDIAN NATIONAL CONGRESS",KHANDWA,457643,1257327,0.3640
"NANDAN NILEKANI","INDIAN NATIONAL CONGRESS","BANGALORE SOUTH",405241,1113726,0.3639
"RABRI DEVI","RASHTRIYA JANATA DAL",SARAN,314172,863254,0.3639
"PRADEEP KUMAR MAJHI","INDIAN NATIONAL CONGRESS",NABARANGPUR,371845,1022172,0.3638
"DR. MANDA JAGANNATH","TELANGANA RASHTRA SAMITHI",NAGARKURNOOL,403399,1108968,0.3638
"NISHIKANT DUBEY","BHARATIYA JANATA PARTY",GODDA,380500,1049442,0.3626
"AHIR VIKRAMBHAI ARJANBHAI MADAM","INDIAN NATIONAL CONGRESS",JAMNAGAR,309123,852643,0.3625
"JAGARNATH MAHTO","JHARKHAND MUKTI MORCHA",GIRIDIH,351600,969997,0.3625
BAALU.T.R,"DRAVIDA MUNNETRA KAZHAGAM",THANJAVUR,366188,1012258,0.3618
"RAMSINH PARMAR","INDIAN NATIONAL CONGRESS",PANCHMAHAL,337678,933461,0.3617
"SATABDI ROY","ALL INDIA TRINAMOOL CONGRESS",BIRBHUM,460568,1275819,0.3610
"SUJAN CHAKRABORTY","COMMUNIST PARTY OF INDIA (MARXIST)",JADAVPUR,459041,1272362,0.3608
"AUTADE VILAS KESHAVRAO","INDIAN NATIONAL CONGRESS",JALNA,384630,1066259,0.3607
"NEELAM SONKAR","BHARATIYA JANATA PARTY",LALGANJ,324016,898655,0.3606
"VIJAY SAMPLA","BHARATIYA JANATA PARTY",HOSHIARPUR,346643,961297,0.3606
"SHABBIR AHMAD","SAMAJWADI PARTY",BAHRAICH,336747,934263,0.3604
"C.NARAYANA SWAMY","INDIAN NATIONAL CONGRESS","BANGALORE NORTH",488562,1356718,0.3601
"MIRZA MEHBOOB BEG","JAMMU & KASHMIR NATIONAL CONFERENCE",ANANTNAG,135012,375279,0.3598
"SUDIP BANDYOPADHYAY","ALL INDIA TRINAMOOL CONGRESS","KOLKATA UTTAR",343687,955778,0.3596
"ASHWINI KUMAR CHOUBEY","BHARATIYA JANATA PARTY",BUXAR,319012,888204,0.3592
"CHANDER KUMAR","INDIAN NATIONAL CONGRESS",KANGRA,286091,799445,0.3579
"ARTI SINGH","INDIAN NATIONAL CONGRESS",RAIGARH,445728,1246186,0.3577
"MEIRA KUMAR","INDIAN NATIONAL CONGRESS","SASARAM (SC)",302760,846788,0.3575
"INGLE KRUSHANARAO GANPATRAO","NATIONALIST CONGRESS PARTY",BULDHANA,349566,978626,0.3572
"BHAUSAHEB RAJARAM WAKCHAURE","INDIAN NATIONAL CONGRESS",SHIRDI,333014,932645,0.3571
"KAISER JAHAN","BAHUJAN SAMAJ PARTY",SITAPUR,366519,1026972,0.3569
"MANJU. A.","INDIAN NATIONAL CONGRESS",HASSAN,409379,1147172,0.3569
"PONGULETI SRINIVASA REDDY","YUVAJANA SRAMIKA RYTHU CONGRESS PARTY",KHAMMAM,421957,1182897,0.3567
"RAVINDRA KR. RAY","BHARATIYA JANATA PARTY",KODARMA,365410,1024906,0.3565
"RAJESH RANJAN @ PAPPU YADAV","RASHTRIYA JANATA DAL",MADHEPURA,368937,1034799,0.3565
"BIRENDRA KUMAR CHAUDHARY","BHARATIYA JANATA PARTY",JHANJHARPUR,335481,941249,0.3564
"HARINDER SINGH KHALSA","AAM AADMI PARTY","FATEHGARH SAHIB",367293,1030954,0.3563
"PATIL PRATIK PRAKASHBAPU","INDIAN NATIONAL CONGRESS",SANGLI,372271,1046659,0.3557
"HEMLAL MURMU","BHARATIYA JANATA PARTY",RAJMAHAL,338170,951563,0.3554
"VIVEK KRISHNA TANKHA","INDIAN NATIONAL CONGRESS",JABALPUR,355970,1002184,0.3552
MOHAN.P.S,"ALL INDIA ANNA DRAVIDA MUNNETRA KAZHAGAM",DHARMAPURI,391048,1101345,0.3551
"RAGHUVIR SINGH","INDIAN NATIONAL CONGRESS",UDAIPUR,423611,1193202,0.3550
"KUNVARJIBHAI MOHANBHAI BAVALIYA","INDIAN NATIONAL CONGRESS",RAJKOT,375096,1057069,0.3548
"COL DEVINDER SEHRAWAT","AAM AADMI PARTY","SOUTH DELHI",390980,1102410,0.3547
"MULAYAM SINGH YADAV","SAMAJWADI PARTY",AZAMGARH,340306,960218,0.3544
"SAJJAN SINGH VERMA","INDIAN NATIONAL CONGRESS",DEWAS,405333,1143968,0.3543
"GUMMIDI SANDHYARANI","TELUGU DESAM",ARUKU,321793,909614,0.3538
"DADDAN MISHRA","BHARATIYA JANATA PARTY",SHRAWASTI,345964,979638,0.3532
"GANDHIRAJAN S","DRAVIDA MUNNETRA KAZHAGAM",DINDIGUL,382617,1083364,0.3532
"KARUNA SHUKLA","INDIAN NATIONAL CONGRESS",BILASPUR,384951,1090457,0.3530
"DAYANIDHI MARAN","DRAVIDA MUNNETRA KAZHAGAM","CHENNAI CENTRAL",287455,814894,0.3528
"DR S T HASAN","SAMAJWADI PARTY",MORADABAD,397720,1127965,0.3526
"RENUKA RAWAT","INDIAN NATIONAL CONGRESS",HARDWAR,414498,1175692,0.3526
"HARMINDER SINGH GILL","INDIAN NATIONAL CONGRESS","KHADOOR SAHIB",366763,1040518,0.3525
"RAMESH CHANDER","BHARATIYA JANATA PARTY",SONIPAT,347203,985637,0.3523
"SHYAMA CHARAN GUPTA","BHARATIYA JANATA PARTY",ALLAHABAD,313772,891582,0.3519
"SEKH IBRAHIM ALI","COMMUNIST PARTY OF INDIA (MARXIST)",TAMLUK,470447,1337684,0.3517
"TAPAS PAUL","ALL INDIA TRINAMOOL CONGRESS",KRISHNANAGAR,438789,1247914,0.3516
"DINSHA PATEL","INDIAN NATIONAL CONGRESS",KHEDA,335334,955906,0.3508
"NASEER AHMAD KHAN","SAMAJWADI PARTY",RAMPUR,335181,956389,0.3505
"MISHA BHARTI","RASHTRIYA JANATA DAL",PATALIPUTRA,342940,978649,0.3504
"CHOUDHARY MAHBOOB ALI KAISER","LOK JAN SHAKTI PARTY",KHAGARIA,313806,896231,0.3501
"KAUSHLENDRA KUMAR","JANATA DAL (UNITED)",NALANDA,321982,921761,0.3493
"ISWAR CHANDRA DAS","COMMUNIST PARTY OF INDIA (MARXIST)","BARDHAMAN PURBA",460181,1320922,0.3484
"VIJAYAN. A.K.S","DRAVIDA MUNNETRA KAZHAGAM",NAGAPATTINAM,328095,942202,0.3482
"ABU HASEM KHAN CHOWDHURY","INDIAN NATIONAL CONGRESS","MALDAHA DAKSHIN",380291,1092407,0.3481
"ADV. PEELIPOSE THOMAS",INDEPENDENT,PATHANAMTHITTA,302651,869452,0.3481
"JOY RAM ENGLENG","BHARATIYA JANATA PARTY","AUTONOMOUS DISTRICT",189057,543280,0.3480
"SUDARSHAN BHAGAT","BHARATIYA JANATA PARTY",LOHARDAGA,226666,651460,0.3479
"ASHOK CHANDNA","INDIAN NATIONAL CONGRESS",BHILWARA,384053,1104090,0.3478
"DR.SURESH JATAV","INDIAN NATIONAL CONGRESS",BHARATPUR,334357,962432,0.3474
"AJAY KUMAR","JHARKHAND VIKAS MORCHA (PRAJATANTRIK)",JAMSHEDPUR,364277,1049140,0.3472
"THUMMAR VIRJIBHAI KESHAVBHAI (VIRJIBHAI THUMMAR)","INDIAN NATIONAL CONGRESS",AMRELI,280483,808816,0.3468
"PABAN SINGH GHATOWAR","INDIAN NATIONAL CONGRESS",DIBRUGARH,309017,890968,0.3468
"NAMA NAGESWARA RAO","TELUGU DESAM",KHAMMAM,409983,1182897,0.3466
"DR. ABUL HASNAT","COMMUNIST PARTY OF INDIA (MARXIST)","DIAMOND HARBOUR",437183,1261296,0.3466
"MOHINDER SINGH KAYPEE","INDIAN NATIONAL CONGRESS",HOSHIARPUR,333061,961297,0.3465
"SINHA TAPAS","COMMUNIST PARTY OF INDIA (MARXIST)",KANTHI,447259,1290811,0.3465
"KAMLESHWAR VERMA","INDIAN NATIONAL CONGRESS",RAJNANDGAON,407562,1178296,0.3459
"R. RADHAKRISHNAN","ALL INDIA N.R. CONGRESS",PUDUCHERRY,255826,740017,0.3457
"HINA LIKHIRAM KAWRE","INDIAN NATIONAL CONGRESS",BALAGHAT,384553,1113364,0.3454
"SURENDRA PRASAD YADAV","RASHTRIYA JANATA DAL",JAHANABAD,280307,811516,0.3454
"DUTT PRIYA SUNIL","INDIAN NATIONAL CONGRESS","MUMBAI NORTH CENTRAL",291764,845292,0.3452
"KOLI PATEL SOMABHAI GANDALAL","INDIAN NATIONAL CONGRESS",SURENDRANAGAR,326096,944677,0.3452
"SHARAD TRIPATHI","BHARATIYA JANATA PARTY","SANT KABIR NAGAR",348892,1011649,0.3449
"KOMATIREDDY RAJGOPAL REDDY","INDIAN NATIONAL CONGRESS",BHONGIR,417751,1211943,0.3447
"PATEL JOITABHAI KASNABHAI","INDIAN NATIONAL CONGRESS",BANASKANTHA,305522,886634,0.3446
"PATIL VISHWANATH RAMCHANDRA","INDIAN NATIONAL CONGRESS",BHIWANDI,301620,875605,0.3445
"JAGATHRAKSHAKAN S. THIRU","DRAVIDA MUNNETRA KAZHAGAM",SRIPERUMBUDUR,443174,1286647,0.3444
"PRAMOD BHAYA","INDIAN NATIONAL CONGRESS",JHALAWAR-BARAN,394556,1146364,0.3442
"DHARANIDHAR NAYAK","INDIAN NATIONAL CONGRESS",KENDRAPARA,392466,1140999,0.3440
"SMRITI ZUBIN IRANI","BHARATIYA JANATA PARTY",AMETHI,300748,874625,0.3439
"BANSODE DATTATRAY GUNDERAO","INDIAN NATIONAL CONGRESS",LATUR,363114,1057156,0.3435
"MD. TANVEER HASSAN","RASHTRIYA JANATA DAL",BEGUSARAI,369892,1077855,0.3432
"ANAND KUMAR","AAM AADMI PARTY","NORTH EAST DELHI",452041,1317338,0.3431
"RANJEET RANJAN","INDIAN NATIONAL CONGRESS",SUPAUL,332927,970528,0.3430
"IMRAN MASOOD","INDIAN NATIONAL CONGRESS",SAHARANPUR,407909,1194308,0.3415
"PRABHAS KUMAR SINGH","BIJU JANATA DAL",BARGARH,383230,1123301,0.3412
"HARISH CHANDRA ALIAS HARISH DWIVEDI","BHARATIYA JANATA PARTY",BASTI,357680,1048534,0.3411
"DR. SHASHI THAROOR","INDIAN NATIONAL CONGRESS",THIRUVANANTHAPURAM,297806,873439,0.3410
"SATYAPAL SINGH","BHARATIYA JANATA PARTY",SAMBHAL,360242,1057002,0.3408
REKHA,"BHARATIYA JANATA PARTY",DHAURAHRA,360357,1060271,0.3399
"MEENAKSHI NATARAJAN","INDIAN NATIONAL CONGRESS",MANDSOUR,394686,1161349,0.3399
"RAMESH PATEL","INDIAN NATIONAL CONGRESS",KHARGONE,391475,1152525,0.3397
"DEEPAK KARMA (BUNTY)","INDIAN NATIONAL CONGRESS",BASTAR,261470,769913,0.3396
"SATYA NAND SHARMA","LOK JAN SHAKTI PARTY",NALANDA,312355,921761,0.3389
"HARISH CHANDRA MEENA","BHARATIYA JANATA PARTY",DAUSA,315059,930492,0.3386
"DR JYOTI MIRDHA","INDIAN NATIONAL CONGRESS",NAGAUR,339573,1004019,0.3382
"HUMERA AKHTAR","SAMAJWADI PARTY",AMROHA,370666,1095860,0.3382
"RAMESHWAR ORAON","INDIAN NATIONAL CONGRESS",LOHARDAGA,220177,651460,0.3380
"ABHIJIT MUKHERJEE","INDIAN NATIONAL CONGRESS",JANGIPUR,378201,1119084,0.3380
"M P VEERENDRAKUMAR","SOCIALIST JANATA (DEMOCRATIC)",PALAKKAD,307597,910322,0.3379
"MD. ALI ASHRAF FATMI","RASHTRIYA JANATA DAL",DARBHANGA,279906,828342,0.3379
"VINCENT H. PALA","INDIAN NATIONAL CONGRESS",SHILLONG,209340,619987,0.3377
"SUSMITA BAURI","COMMUNIST PARTY OF INDIA (MARXIST)",BISHNUPUR,429185,1272070,0.3374
"BHANWAR JITENDRA SINGH","INDIAN NATIONAL CONGRESS",ALWAR,358383,1062305,0.3374
"GIRIRAJAN .R","DRAVIDA MUNNETRA KAZHAGAM","CHENNAI NORTH",307000,910114,0.3373
"JUAL @ JUEL ORAM","BHARATIYA JANATA PARTY",SUNDARGARH,340508,1010711,0.3369
"M VEERAPPA MOILY","INDIAN NATIONAL CONGRESS",CHIKKBALLAPUR,424800,1263274,0.3363
"DR SHAFIQ- UR RAHMAN BARQ","SAMAJWADI PARTY",SAMBHAL,355068,1057002,0.3359
"SK. SAIDUL HAQUE","COMMUNIST PARTY OF INDIA (MARXIST)",BURDWAN,447190,1331242,0.3359
"IMARTI DEVI","INDIAN NATIONAL CONGRESS",BHIND,244513,729084,0.3354
"MAUSAM NOOR","INDIAN NATIONAL CONGRESS","MALDAHA UTTAR",388609,1162985,0.3341
"JANARDHANA SWAMY","BHARATIYA JANATA PARTY",CHITRADURGA,366220,1096499,0.3340
"PATIL PADMASINHA BAJIRAO","NATIONALIST CONGRESS PARTY",OSMANABAD,373374,1118151,0.3339
"SURESH PUJARI","BHARATIYA JANATA PARTY",SAMBALPUR,328042,984309,0.3333
"SHANMUGAM A.C.","BHARATIYA JANATA PARTY",VELLORE,324326,974770,0.3327
"SURESH KUMAR SHETKAR","INDIAN NATIONAL CONGRESS",ZAHIRABAD,364030,1094806,0.3325
"PARTAP SINGH BAJWA","INDIAN NATIONAL CONGRESS",GURDASPUR,346190,1042699,0.3320
"ARKA KESHARI DEO","BIJU JANATA DAL",KALAHANDI,370871,1117536,0.3319
"BADARUDDOZA KHAN","COMMUNIST PARTY OF INDIA (MARXIST)",MURSHIDABAD,426947,1287763,0.3315
"RADHAKRISHNAN C.P.","BHARATIYA JANATA PARTY",COIMBATORE,389701,1176620,0.3312
"SUBASH CHOUHAN","BHARATIYA JANATA PARTY",BARGARH,372052,1123301,0.3312
"MUZAFFAR HOSSAIN","COMMUNIST PARTY OF INDIA (MARXIST)",JANGIPUR,370040,1119084,0.3307
"KONDA VISHWESHWAR REDDY","TELANGANA RASHTRA SAMITHI",CHELVELLA,435077,1315862,0.3306
"CHINNASAMY M.","DRAVIDA MUNNETRA KAZHAGAM",KARUR,345475,1046534,0.3301
"RAMA KISHORE SINGH","LOK JAN SHAKTI PARTY",VAISHALI,305450,925937,0.3299
"DIPAK KUMAR ROY","ALL INDIA FORWARD BLOC","COOCH BEHAR",439392,1332409,0.3298
"GIRIJA VYAS","INDIAN NATIONAL CONGRESS",CHITTORGARH,386379,1172629,0.3295
"AP JITHENDER REDDY","TELANGANA RASHTRA SAMITHI",MAHBUBNAGAR,334228,1014800,0.3294
"JASWANT SINGH",INDEPENDENT,BARMER,401286,1219119,0.3292
"KOLAR KESAVA","JANATA DAL (SECULAR)",KOLAR,371076,1127323,0.3292
"CHOUDHARY MAHENDRA PRATAP SINGH","INDIAN NATIONAL CONGRESS",DAMOH,299780,912080,0.3287
"B N BACHE GOWDA","BHARATIYA JANATA PARTY",CHIKKBALLAPUR,415280,1263274,0.3287
"SUNIL SOREN","BHARATIYA JANATA PARTY",DUMKA,296785,903060,0.3286
"CHHAGAN BHUJBAL","NATIONALIST CONGRESS PARTY",NASHIK,307399,937405,0.3279
"NAVNEET RAVI RANA","NATIONALIST CONGRESS PARTY",AMRAVATI,329280,1004061,0.3279
"MUKUL WASNIK","INDIAN NATIONAL CONGRESS",RAMTEK,344101,1050316,0.3276
"SAKET BAHUGUNA","INDIAN NATIONAL CONGRESS","TEHRI GARHWAL",254230,776214,0.3275
"SIRAJ UDDIN AJMAL","ALL INDIA UNITED DEMOCRATIC FRONT",BARPETA,394702,1205863,0.3273
"JAIPAL REDDY SUDINI","INDIAN NATIONAL CONGRESS",MAHBUBNAGAR,331638,1014800,0.3268
"MAHENDRA KUMAR ROY","COMMUNIST PARTY OF INDIA (MARXIST)",JALPAIGURI,425167,1302117,0.3265
"DR. DHARAM VIRA GANDHI","AAM AADMI PARTY",PATIALA,365671,1120933,0.3262
"PREMCHAND GUDDU","INDIAN NATIONAL CONGRESS",UJJAIN,331438,1016405,0.3261
"DR.DINESH PARMAR","INDIAN NATIONAL CONGRESS",KACHCHH,308373,946240,0.3259
"ASHOK KUMAR RAWAT","BAHUJAN SAMAJ PARTY",MISRIKH,325212,998314,0.3258
"SUBHAS NASKAR","REVOLUTIONARY SOCIALIST PARTY",JOYNAGAR,386362,1186052,0.3258
"RAVI NAIK","INDIAN NATIONAL CONGRESS","NORTH GOA",132304,406631,0.3254
"(DR) HARAK SINGH RAWAT","INDIAN NATIONAL CONGRESS",GARHWAL,221164,682024,0.3243
"NIKHIL KUMAR CHOUDHARY","BHARATIYA JANATA PARTY",KATIHAR,316552,977830,0.3237
"SRI. O RAJAGOPAL","BHARATIYA JANATA PARTY",THIRUVANANTHAPURAM,282336,873439,0.3232
"VAGISH PATHAK","BHARATIYA JANATA PARTY",BADAUN,332031,1027594,0.3231
G.S.BASAVARAJ,"BHARATIYA JANATA PARTY",TUMKUR,355827,1101484,0.3230
"CH.MALLA REDDY","TELUGU DESAM",MALKAJGIRI,523336,1620397,0.3230
"DR DILIP KUMAR JAISWAL","BHARATIYA JANATA PARTY",KISHANGANJ,298849,928490,0.3219
"VINOD KUMAR ALIAS PANDIT SINGH","SAMAJWADI PARTY",KAISERGANJ,303282,943357,0.3215
"DR.BHAGAVANTH RAO","BHARATIYA JANATA PARTY",HYDERABAD,311414,971421,0.3206
"PREM CHAND JAYASI","INDIAN NATIONAL CONGRESS",JANJGIR-CHAMPA,343948,1073347,0.3204
"PREM SINGH CHANDUMAJRA","SHIROMANI AKALI DAL","ANANDPUR SAHIB",347394,1086563,0.3197
"K.C.SINGH BABA","INDIAN NATIONAL CONGRESS","NAINITAL-UDHAMSINGH NAGAR",352052,1101435,0.3196
"JAGDAMBIKA PAL","BHARATIYA JANATA PARTY",DOMARIYAGANJ,298845,935027,0.3196
"RAJMOHAN GANDHI","AAM AADMI PARTY","EAST DELHI",381739,1196336,0.3191
"DILIP KUMAR TIRKEY","BIJU JANATA DAL",SUNDARGARH,321679,1010711,0.3183
"MEGHE SAGAR DATTATRAYA","INDIAN NATIONAL CONGRESS",WARDHA,321735,1013445,0.3175
"SHAILENDRA KUMAR","SAMAJWADI PARTY",KAUSHAMBI,288746,910038,0.3173
"ABDUL MANNAN HOSSAIN","INDIAN NATIONAL CONGRESS",MURSHIDABAD,408494,1287763,0.3172
"JAI PRAKASH NARAYAN YADAV","RASHTRIYA JANATA DAL",BANKA,285150,899353,0.3171
"DEORA MILIND MURLI","INDIAN NATIONAL CONGRESS","MUMBAI SOUTH",246632,780715,0.3159
"EKNATH M. GAIKWAD","INDIAN NATIONAL CONGRESS","MUMBAI SOUTH CENTRAL",242933,769060,0.3159
"PRADIP SAHA","COMMUNIST PARTY OF INDIA (MARXIST)",HOOGHLY,425228,1348870,0.3152
"DEBESH DAS","COMMUNIST PARTY OF INDIA (MARXIST)",BANGAON,404612,1283688,0.3152
"KAMAT GURUDAS VASANT","INDIAN NATIONAL CONGRESS","MUMBAI NORTH WEST",281792,895517,0.3147
"PRABODH PANDA","COMMUNIST PARTY OF INDIA",MEDINIPUR,395194,1260032,0.3136
"CHRISTY FERNANDEZ",INDEPENDENT,ERNAKULAM,266794,850834,0.3136
"NIKAM DEVDATTA JAYWANT","NATIONALIST CONGRESS PARTY",SHIRUR,341601,1089506,0.3135
"SHARIEF UD-DIN SHARIQ","JAMMU & KASHMIR NATIONAL CONFERENCE",BARAMULLA,146058,465992,0.3134
"RAM CHANDRA PASWAN","LOK JAN SHAKTI PARTY","SAMASTIPUR (SC)",270401,863199,0.3133
"SELVAM G","DRAVIDA MUNNETRA KAZHAGAM",KANCHEEPURAM,352529,1128399,0.3124
"TAVIYAD DR. PRABHABEN KISHORSINH","INDIAN NATIONAL CONGRESS",DAHOD,280757,900381,0.3118
ANBHALAGAN.MU,"DRAVIDA MUNNETRA KAZHAGAM",TIRUCHIRAPPALLI,308002,988250,0.3117
"SABIR UDDIN MOLLA","COMMUNIST PARTY OF INDIA (MARXIST)",ULUBERIA,369563,1186027,0.3116
"PATEL HIMMATSINGH PRAHLADSINGH","INDIAN NATIONAL CONGRESS","AHMEDABAD EAST",306949,985525,0.3115
"ACHARIA BASUDEB","COMMUNIST PARTY OF INDIA (MARXIST)",BANKURA,384949,1236319,0.3114
"ANNADURAI C N","DRAVIDA MUNNETRA KAZHAGAM",TIRUVANNAMALAI,332145,1067447,0.3112
"MANOJ SINHA","BHARATIYA JANATA PARTY",GHAZIPUR,306929,986673,0.3111
"SANTOSH RANA","COMMUNIST PARTY OF INDIA",GHATAL,424805,1366709,0.3108
"BRIJ KISHOR SINGH ""DIMPAL""","SAMAJWADI PARTY",BASTI,324118,1048534,0.3091
"DR. ELAHI KAMRE MAHAMMAD","COMMUNIST PARTY OF INDIA (MARXIST)",BIRBHUM,393305,1275819,0.3083
"MOIRANGTHEM NARA","COMMUNIST PARTY OF INDIA","INNER MANIPUR",197428,640871,0.3081
"ISHWARBAHI DHANABHAI MAKWANA","INDIAN NATIONAL CONGRESS","AHMEDABAD WEST",296793,964609,0.3077
"PRENEET KAUR","INDIAN NATIONAL CONGRESS",PATIALA,344729,1120933,0.3075
"BIBHU PRASAD TARAI","INDIAN NATIONAL CONGRESS",JAGATSINGHPUR,348098,1131932,0.3075
ASHUTOSH,"AAM AADMI PARTY","CHANDNI CHOWK",301618,981863,0.3072
"DOLA SEN","ALL INDIA TRINAMOOL CONGRESS",ASANSOL,349503,1142395,0.3059
"OM PARKASH DHANKAR","BHARATIYA JANATA PARTY",ROHTAK,319436,1044331,0.3059
"PUTUL KUMARI","BHARATIYA JANATA PARTY",BANKA,275006,899353,0.3058
"HANUMANTH RAO MYNAMPALLY","TELANGANA RASHTRA SAMITHI",MALKAJGIRI,494965,1620397,0.3055
"ASHOK TANWAR","INDIAN NATIONAL CONGRESS",SIRSA,390634,1279105,0.3054
"PRAKASH JHA","JANATA DAL (UNITED)","PASCHIM CHAMPARAN",260978,854800,0.3053
"DR. ASHOK KUMAR","INDIAN NATIONAL CONGRESS","SAMASTIPUR (SC)",263529,863199,0.3053
"FURKAN ANSARI","INDIAN NATIONAL CONGRESS",GODDA,319818,1049442,0.3048
"DR. BHARATI PRAVIN PAWAR","NATIONALIST CONGRESS PARTY",DINDORI,295165,970182,0.3042
"P C SHARMA (PRAKASH MANGILAL SHARMA )","INDIAN NATIONAL CONGRESS",BHOPAL,343482,1130182,0.3039
"SADHU SINGH","INDIAN NATIONAL CONGRESS","FATEHGARH SAHIB",313149,1030954,0.3037
"KULWANT SINGH","SHIROMANI AKALI DAL","FATEHGARH SAHIB",312815,1030954,0.3034
"DEEPINDER SINGH DHILLON","SHIROMANI AKALI DAL",PATIALA,340109,1120933,0.3034
"RUDRA NARAYAN PANY","BHARATIYA JANATA PARTY",DHENKANAL,315937,1042101,0.3032
"DOME RAMCHANDRA","COMMUNIST PARTY OF INDIA (MARXIST)",BOLPUR,394581,1304756,0.3024
"SHARAD YADAV","JANATA DAL (UNITED)",MADHEPURA,312728,1034799,0.3022
"JAGTAP LAXMANBHAU PANDURANG","PEASANTS AND WORKERS PARTY OF INDIA",MAVAL,354829,1174335,0.3022
"SRIPRAKASH JAISWAL","INDIAN NATIONAL CONGRESS",KANPUR,251766,835079,0.3015
"K. V. PUSA","INDIAN NATIONAL CONGRESS",NAGALAND,313147,1038910,0.3014
"AJAY SHAH ""MAKRAI""","INDIAN NATIONAL CONGRESS",BETUL,315037,1047719,0.3007
"NURUL HUDA","COMMUNIST PARTY OF INDIA",BASIRHAT,382667,1273771,0.3004
"ASHISH KHETAN","AAM AADMI PARTY","NEW DELHI",290642,969812,0.2997
"MRINAL KUMAR SAIKIA","BHARATIYA JANATA PARTY",KALIABOR,349441,1166490,0.2996
"KUNWAR RATANJIT PRATAP NARAIN SINGH","INDIAN NATIONAL CONGRESS","KUSHI NAGAR",284511,950445,0.2993
"ALOK KUMAR MEHTA","RASHTRIYA JANATA DAL",UJIARPUR,256883,858920,0.2991
"CHANDRA SEKHAR SAHU","INDIAN NATIONAL CONGRESS",BERHAMPUR,270387,905362,0.2987
"SANGRAM KESHARI JENA","INDIAN NATIONAL CONGRESS",BHADRAK,322979,1081339,0.2987
"SANGEETA KUMARI SINGH DEO","BHARATIYA JANATA PARTY",BOLANGIR,349220,1170405,0.2984
"SANJEEV GANESH NAIK","NATIONALIST CONGRESS PARTY",THANE,314065,1054189,0.2979
"AMBIKA SONI","INDIAN NATIONAL CONGRESS","ANANDPUR SAHIB",323697,1086563,0.2979
"ER. SHANKAR PANNU","INDIAN NATIONAL CONGRESS",BIKANER,276853,929751,0.2978
"MANGANI LAL MANDAL","RASHTRIYA JANATA DAL",JHANJHARPUR,280073,941249,0.2976
"PAWAN KUMAR TINU","SHIROMANI AKALI DAL",JALANDHAR,309498,1040762,0.2974
"JADEJA KANDHALBHAI SARMANBHAI","NATIONALIST CONGRESS PARTY",PORBANDAR,240466,809433,0.2971
"MANASH BORAH","INDIAN NATIONAL CONGRESS",GAUHATI,449201,1511729,0.2971
"UDAY SINGH ALIAS PAPPU SINGH","BHARATIYA JANATA PARTY",PURNIA,302157,1017732,0.2969
"DASRATH TIRKEY","ALL INDIA TRINAMOOL CONGRESS",ALIPURDUARS,362453,1223566,0.2962
"DR. C.P. JOSHI","INDIAN NATIONAL CONGRESS","JAIPUR RURAL",300034,1013691,0.2960
"BALIRAM SUKUR JADHAV","BAHUJAN VIKAS AAGHADI",PALGHAR,293681,992618,0.2959
"KU. DEVENDRA SINGH YADAV","SAMAJWADI PARTY",ETAH,273977,926281,0.2958
"KANTI SINGH","RASHTRIYA JANATA DAL",KARAKAT,233651,789927,0.2958
"SAKTIMOHAN MALIK","COMMUNIST PARTY OF INDIA (MARXIST)",ARAMBAGH,401919,1361934,0.2951
"SATYANARAYAN PATEL","INDIAN NATIONAL CONGRESS",INDORE,388071,1316817,0.2947
"JHA SHANTANU","COMMUNIST PARTY OF INDIA (MARXIST)",KRISHNANAGAR,367534,1247914,0.2945
"CHANDRAKANT BHAURAO KHAIRE",SHIVSENA,AURANGABAD,520902,1769207,0.2944
"KRISHNA DAS","BHARATIYA JANATA PARTY",KARIMGANJ,260772,886920,0.2940
"NAHID HASAN","SAMAJWADI PARTY",KAIRANA,329081,1119324,0.2940
"RAJES NANDINI SINGH","INDIAN NATIONAL CONGRESS",SHAHDOL,284118,968518,0.2934
"HENA SHAHAB","RASHTRIYA JANATA DAL",SIWAN,258823,884021,0.2928
"SITARAM YADAV","RASHTRIYA JANATA DAL",SITAMARHI,263300,900588,0.2924
"SUKHDEV SINGH DHINDSA","SHIROMANI AKALI DAL",SANGRUR,321516,1099467,0.2924
"YASHVIR SINGH","SAMAJWADI PARTY",NAGINA,275435,942196,0.2923
"CHANDRA MOHAN PATOWARY","BHARATIYA JANATA PARTY",BARPETA,352361,1205863,0.2922
"DR. CHANDRAPAL SINGH YADAV","SAMAJWADI PARTY",JHANSI,385422,1320804,0.2918
"MASTER BHANWARLAL MEGHWAL","INDIAN NATIONAL CONGRESS",GANGANAGAR,366389,1256806,0.2915
"DR. NAMDEO DALLUJI USENDI","INDIAN NATIONAL CONGRESS",GADCHIROLI-CHIMUR,299112,1027129,0.2912
"BECHAI SAROJ","SAMAJWADI PARTY",LALGANJ,260930,898655,0.2904
"ASIM KUMAR DASGUPTA","COMMUNIST PARTY OF INDIA (MARXIST)","DUM DUM",328310,1132644,0.2899
"DR. KIRODI LAL","NATIONAL PEOPLES PARTY",DAUSA,269655,930492,0.2898
"MUNIRAJU GOWDA . P","BHARATIYA JANATA PARTY","BANGALORE RURAL",421243,1455244,0.2895
"MADAN LAL SHARMA","INDIAN NATIONAL CONGRESS",JAMMU,362715,1253593,0.2893
"RAMAKANT YADAV","BHARATIYA JANATA PARTY",AZAMGARH,277102,960218,0.2886
"RANEE NARAH","INDIAN NATIONAL CONGRESS",LAKHIMPUR,320405,1111975,0.2881
"ARCHANA BISWAS","COMMUNIST PARTY OF INDIA (MARXIST)",RANAGHAT,388684,1353196,0.2872
"SHIVE PRASAD VERMA","BAHUJAN SAMAJ PARTY",HARDOI,279158,972894,0.2869
"MD. SALIM","COMMUNIST PARTY OF INDIA (MARXIST)",RAIGANJ,317515,1108193,0.2865
"HARIHAR KARAN","INDIAN NATIONAL CONGRESS",KANDHAMAL,240441,839415,0.2864
"MOHAMED JALEEL .S","DRAVIDA MUNNETRA KAZHAGAM",RAMANATHAPURAM,286621,1001048,0.2863
"SRIBHAGWAN SINGH KUSHWAHA","RASHTRIYA JANATA DAL",ARRAH,255204,893213,0.2857
"MUNNI DEVI GODARA","INDIAN NATIONAL CONGRESS",PALI,312733,1095587,0.2854
"PROF. AZMEERA SEETARAM NAIK","TELANGANA RASHTRA SAMITHI",MAHABUBABAD,320569,1124370,0.2851
"SRI. DOCTOR BENNET ABRAHAM","COMMUNIST PARTY OF INDIA",THIRUVANANTHAPURAM,248941,873439,0.2850
"JONJONALI BARUAH","INDIAN NATIONAL CONGRESS",NOWGONG,350587,1230074,0.2850
"DEEPA DASMUNSI","INDIAN NATIONAL CONGRESS",RAIGANJ,315881,1108193,0.2850
"MANISHDADA JAIN","NATIONALIST CONGRESS PARTY",RAVER,287384,1009213,0.2848
P.K.SAINABA,"COMMUNIST PARTY OF INDIA (MARXIST)",MALAPPURAM,242984,853467,0.2847
"BIMALENDU SARKAR (BIMAL)","REVOLUTIONARY SOCIALIST PARTY",BALURGHAT,302677,1063053,0.2847
"USHA VERMA","SAMAJWADI PARTY",HARDOI,276543,972894,0.2842
"JARNAIL SINGH","AAM AADMI PARTY","WEST DELHI",382809,1347971,0.2840
"BRINDAWAN SINGH SIKARWAR","BAHUJAN SAMAJ PARTY",MORENA,242586,854279,0.2840
"PREMDAS KATERIYA","SAMAJWADI PARTY",ETAWAH,266700,939604,0.2838
"LAKSHMAN SINGH","INDIAN NATIONAL CONGRESS",VIDISHA,303650,1073473,0.2829
"RAKESH PANDEY","BAHUJAN SAMAJ PARTY","AMBEDKAR NAGAR",292675,1034404,0.2829
"AFZAL SIDDIQUI","BAHUJAN SAMAJ PARTY",FATEHPUR,298788,1056688,0.2828
"RAJ BALLABH PRASAD","RASHTRIYA JANATA DAL",NAWADA,250091,884441,0.2828
NANDAGOPALAKRISHNAN.K.,"DRAVIDA MUNNETRA KAZHAGAM",CUDDALORE,278304,984538,0.2827
"DEVADASA SUNDARAM","DRAVIDA MUNNETRA KAZHAGAM",TIRUNELVELI,272040,962330,0.2827
"KUNWAR REWATI RAMAN SINGH ALIAS MANI","SAMAJWADI PARTY",ALLAHABAD,251763,891582,0.2824
"DILESHWAR KAMAIT","JANATA DAL (UNITED)",SUPAUL,273255,970528,0.2816
"HIMMAT SINGH SHERGILL","AAM AADMI PARTY","ANANDPUR SAHIB",306008,1086563,0.2816
"CHANDRESH KUMARI","INDIAN NATIONAL CONGRESS",JODHPUR,303464,1078598,0.2814
"PRADIPTA KUMAR NAIK","BHARATIYA JANATA PARTY",KALAHANDI,314524,1117536,0.2814
"TIRTHANKAR RAY","COMMUNIST PARTY OF INDIA (MARXIST)",SRERAMPUR,362407,1290433,0.2808
"MD ANWARUL HAQUE","RASHTRIYA JANATA DAL",SHEOHAR,236267,842894,0.2803
"ZAKIR HUSSAIN","INDIAN NATIONAL LOK DAL",GURGAON,370058,1320619,0.2802
"PRITHIVIRAJ HARICHANDAN","BHARATIYA JANATA PARTY",BHUBANESWAR,249775,891822,0.2801
"MANIMARAN. R","DRAVIDA MUNNETRA KAZHAGAM",KALLAKURICHI,309876,1107241,0.2799
"AHIRWAR DR. KAMLESH VERMA","INDIAN NATIONAL CONGRESS",TIKAMGARH,214248,766321,0.2796
"VILAS MUTTEMWAR","INDIAN NATIONAL CONGRESS",NAGPUR,302939,1085058,0.2792
T.K.S.ELANGOVAN,"DRAVIDA MUNNETRA KAZHAGAM","CHENNAI SOUTH",301779,1081163,0.2791
"PROF. RITA BAHUGUNA JOSHI","INDIAN NATIONAL CONGRESS",LUCKNOW,288357,1033783,0.2789
"MANOHAR TIRKEY","REVOLUTIONARY SOCIALIST PARTY",ALIPURDUARS,341056,1223566,0.2787
"SMT SHIVKANYA KUSHWAHA","SAMAJWADI PARTY",GHAZIPUR,274477,986673,0.2782
"PRATAP CHANDRA SARANGI","BHARATIYA JANATA PARTY",BALASORE,291943,1049450,0.2782
"KHAGEN MURMU","COMMUNIST PARTY OF INDIA (MARXIST)","MALDAHA UTTAR",322904,1162985,0.2777
"SHAH ALAM ALIAS GUDDU JAMALI","BAHUJAN SAMAJ PARTY",AZAMGARH,266528,960218,0.2776
"R.K CHAUDHARY","BAHUJAN SAMAJ PARTY",MOHANLALGANJ,309858,1116588,0.2775
"DR. MORTOZA HOSSAIN","ALL INDIA FORWARD BLOC",BARASAT,352246,1269331,0.2775
"RATHOD PRAVINBHAI JINABHAI","INDIAN NATIONAL CONGRESS",BHAVNAGAR,254041,917402,0.2769
"THIRUMAAVALAVAN THOL","VIDUTHALAI CHIRUTHAIGAL KATCHI",CHIDAMBARAM,301041,1088423,0.2766
"BHAKTA CHARAN DAS","INDIAN NATIONAL CONGRESS",KALAHANDI,307967,1117536,0.2756
"PATLOLLA KARTIK REDDY","INDIAN NATIONAL CONGRESS",CHELVELLA,362054,1315862,0.2751
"BIRENDRA BARA (ORAON)","BHARATIYA JANATA PARTY",ALIPURDUARS,335857,1223566,0.2745
"H D KUMARA SWAMY","JANATA DAL (SECULAR)",CHIKKBALLAPUR,346339,1263274,0.2742
"JAGBIR SINGH MALIK","INDIAN NATIONAL CONGRESS",SONIPAT,269789,985637,0.2737
"PURNMASI RAM","INDIAN NATIONAL CONGRESS","VALMIKI NAGAR",246218,900114,0.2735
"RAVNEET SINGH BITTU","INDIAN NATIONAL CONGRESS",LUDHIANA,300459,1100457,0.2730
"KUNWAR SARVRAJ SINGH","SAMAJWADI PARTY",AONLA,271478,995641,0.2727
"AYESHA ISLAM","SAMAJWADI PARTY",BAREILLY,277573,1017891,0.2727
ESWARAN.E.R.,"BHARATIYA JANATA PARTY",POLLACHI,276118,1012667,0.2727
"PRECHARD B. M. BASAIAWMOIT",INDEPENDENT,SHILLONG,168961,619987,0.2725
"GEETA KORA","JAI BHARAT SAMANTA PARTY",SINGHBHUM,215607,795286,0.2711
"MUTHAIYAN K DR","DRAVIDA MUNNETRA KAZHAGAM",VILUPPURAM,289337,1067641,0.2710
"DEVENDRA PATEL ""GUDDU BHAIYA""","INDIAN NATIONAL CONGRESS",HOSHANGABAD,279168,1031175,0.2707
"RAM PRASAD CHAUDHARY","BAHUJAN SAMAJ PARTY",BASTI,283747,1048534,0.2706
"MOHD.SHAHID AKHLAK","BAHUJAN SAMAJ PARTY",MEERUT,300655,1113384,0.2700
"PARAMJIT KAUR GULSHAN","SHIROMANI AKALI DAL",FARIDKOT,278235,1032107,0.2696
"DR. JANARDHAN REDDY NAGAM","BHARATIYA JANATA PARTY",MAHBUBNAGAR,272791,1014800,0.2688
"PAWAN KUMAR BANSAL","INDIAN NATIONAL CONGRESS",CHANDIGARH,121720,453455,0.2684
"G. VIVEKANAND","INDIAN NATIONAL CONGRESS",PEDDAPALLE,274338,1022184,0.2684
"TULLA VEERENDER","TELUGU DESAM",CHELVELLA,353203,1315862,0.2684
"PADAM SINGH","INDIAN NATIONAL LOK DAL",SONIPAT,264404,985637,0.2683
"PRADEEP KUMAR SINGH","BHARATIYA JANATA PARTY",ARARIA,261474,975811,0.2680
"ARVIND GIRI","BAHUJAN SAMAJ PARTY",KHERI,288304,1077868,0.2675
"PONNAM PRABHAKAR","INDIAN NATIONAL CONGRESS",KARIMNAGAR,300706,1125691,0.2671
"BAHADUR SINGH","INDIAN NATIONAL LOK DAL",BHIWANI-MAHENDRAGARH,275148,1030431,0.2670
"ANNASAHEB DR.SATISH BHASKARRAO PATIL","NATIONALIST CONGRESS PARTY",JALGAON,264248,990332,0.2668
"RAJIV RANJAN SINGH ALIAS LALAN SINGH","JANATA DAL (UNITED)",MUNGER,243827,914350,0.2667
"BHOLANATH ALIAS B.P. SAROJ","BAHUJAN SAMAJ PARTY",MACHHLISHAHR,266055,997902,0.2666
"HEMANAND BISWAL","INDIAN NATIONAL CONGRESS",SUNDARGARH,269335,1010711,0.2665
"NARENDRA BHATI","SAMAJWADI PARTY","GAUTAM BUDDHA NAGAR",319490,1199238,0.2664
"ABHINESH MAHARSHI","BAHUJAN SAMAJ PARTY",CHURU,301017,1131104,0.2661
"ATIQ AHMAD","SAMAJWADI PARTY",SHRAWASTI,260051,979638,0.2655
"KRISHNA KUMARI YADAV","RASHTRIYA JANATA DAL",KHAGARIA,237803,896231,0.2653
"SHAHNAWAZ RANA","SAMAJWADI PARTY",BIJNOR,281139,1060346,0.2651
"WAZED ALI CHOUDHURY","INDIAN NATIONAL CONGRESS",DHUBRI,362839,1369624,0.2649
"NARAYAN SINGH SUMAN","BAHUJAN SAMAJ PARTY",AGRA,283453,1070400,0.2648
"SHRIKANTA KUMAR JENA","INDIAN NATIONAL CONGRESS",BALASORE,277517,1049450,0.2644
"SATYA BRATA MOOKHERJEE","BHARATIYA JANATA PARTY",KRISHNANAGAR,329387,1247914,0.2640
"JEGAN. P","DRAVIDA MUNNETRA KAZHAGAM",THOOTHUKKUDI,242050,916778,0.2640
"THUPSTAN CHHEWANG","BHARATIYA JANATA PARTY",LADAKH,31111,118029,0.2636
"R. K. SINGH PATEL","BAHUJAN SAMAJ PARTY",BANDA,226278,858326,0.2636
"V. NARAYANASAMY","INDIAN NATIONAL CONGRESS",PUDUCHERRY,194972,740017,0.2635
"RAMESHWAR SINGH YADAV","SAMAJWADI PARTY",FARRUKHABAD,255693,970677,0.2634
"GHULAM RAZA",INDEPENDENT,LADAKH,31075,118029,0.2633
"MADHU YASKHI GOUD","INDIAN NATIONAL CONGRESS",NIZAMABAD,272123,1033924,0.2632
"ANIL KUMAR MAURYA","BAHUJAN SAMAJ PARTY",CHANDAULI,257379,980572,0.2625
"V VELUSAMY","DRAVIDA MUNNETRA KAZHAGAM",MADURAI,256731,978346,0.2624
"SEEMA UPADHYAY","BAHUJAN SAMAJ PARTY","FATEHPUR SIKRI",253483,967968,0.2619
"NARAHARI MAHATO","ALL INDIA FORWARD BLOC",PURULIA,314400,1204675,0.2610
"GIRISH CHANDRA","BAHUJAN SAMAJ PARTY",NAGINA,245685,942196,0.2608
"RAMJI MANJHI","RASHTRIYA JANATA DAL","GAYA (SC)",210726,809378,0.2604
"DR. BALIRAM","BAHUJAN SAMAJ PARTY",LALGANJ,233971,898655,0.2604
"RAJKUMAR YADAV","COMMUNIST PARTY OF INDIA (MARXIST-LENINIST) (LIBERATION)",KODARMA,266756,1024906,0.2603
"SADAL PRASAD","BAHUJAN SAMAJ PARTY",BANSGAON,228443,877877,0.2602
"AKHILESH PD SINGH","INDIAN NATIONAL CONGRESS",MUZAFFARPUR,246873,948887,0.2602
"SHRUTI CHOUDHRY","INDIAN NATIONAL CONGRESS",BHIWANI-MAHENDRAGARH,268115,1030431,0.2602
"RAJA PATERIA","INDIAN NATIONAL CONGRESS",KHAJURAHO,227476,874477,0.2601
"DR. PULIN BIHARI BASKE","COMMUNIST PARTY OF INDIA (MARXIST)",JHARGRAM,326621,1257613,0.2597
"SUBHASHINI ALI","COMMUNIST PARTY OF INDIA (MARXIST)",BARRACKPORE,272433,1051130,0.2592
"SRIDIP BHATTACHARYA","COMMUNIST PARTY OF INDIA (MARXIST)",HOWRAH,291505,1125399,0.2590
"PATEL HIDAYAT ULLA BARKAT ULLA","INDIAN NATIONAL CONGRESS",AKOLA,253356,978491,0.2589
"RAHUL (BISWAJIT) SINHA","BHARATIYA JANATA PARTY","KOLKATA UTTAR",247461,955778,0.2589
"SUNDERLAL TIWARI","INDIAN NATIONAL CONGRESS",REWA,214594,830002,0.2585
VAIKO,"MARUMALARCHI DRAVIDA MUNNETRA KAZHAGAM",VIRUDHUNAGAR,261143,1010930,0.2583
DR.KRISHNASAMY.K.,"PUTHIYA TAMILAGAM",TENKASI,262812,1017938,0.2582
"KAMESHWAR CHAUPAL","BHARATIYA JANATA PARTY",SUPAUL,249693,970528,0.2573
"NEPOLE RAGHU MURMU","BHARATIYA JANATA PARTY",MAYURBHANJ,270913,1053399,0.2572
"SUDHANSU SHEKHAR BHASKAR","RASHTRIYA JANATA DAL","JAMUI (SC)",199407,775639,0.2571
"CHINNA PILLAPPA.P","DRAVIDA MUNNETRA KAZHAGAM",KRISHNAGIRI,273900,1068391,0.2564
"UMED SINGH KASHYAP","BAHUJAN SAMAJ PARTY",SHAHJAHANPUR,289603,1129841,0.2563
